split,config,config_id,budget,n_scenarios,n_requirements,requirement_recall_weighted,requirement_recall_scenario_macro_avg,complete_coverage_mean
DEV,pooled:BM25 only,1,top-50 (pooled),95.0,155.0,0.2967741935483871,0.2912280701754386,0.18947368421052632
DEV,pooled:Dense only,2,top-50 (pooled),95.0,155.0,0.5612903225806452,0.5859649122807017,0.4631578947368421
DEV,pooled:BM25+Dense hybrid,3,top-50 (pooled),95.0,155.0,0.49032258064516127,0.4929824561403508,0.37894736842105264
DEV,pooled:Hybrid + authority,4,top-50 (pooled),95.0,155.0,0.5806451612903226,0.587719298245614,0.4842105263157895
DEV,pooled:Hybrid + jurisdiction,5,top-50 (pooled),95.0,155.0,0.49032258064516127,0.4929824561403508,0.37894736842105264
DEV,pooled:Hybrid + authority + jurisdiction,6,top-50 (pooled),95.0,155.0,0.5806451612903226,0.587719298245614,0.4842105263157895
DEV,two_lane:no_authority,7,25+25 (two-lane),95.0,155.0,0.7612903225806451,0.7763157894736842,0.6842105263157895
DEV,two_lane:full_pre_CE,8,25+25 (two-lane),95.0,155.0,0.7677419354838709,0.7868421052631579,0.6947368421052632
DEV,two_lane:full_post_CE,9,25+25 (two-lane),95.0,155.0,0.8129032258064516,0.8140350877192982,0.7473684210526316
TEST,pooled:BM25 only,1,top-50 (pooled),94.0,139.0,0.34532374100719426,0.34929078014184395,0.2553191489361702
TEST,pooled:Dense only,2,top-50 (pooled),94.0,139.0,0.49640287769784175,0.5283687943262411,0.4148936170212766
TEST,pooled:BM25+Dense hybrid,3,top-50 (pooled),94.0,139.0,0.4748201438848921,0.50177304964539,0.40425531914893614
TEST,pooled:Hybrid + authority,4,top-50 (pooled),94.0,139.0,0.6115107913669064,0.6276595744680852,0.5212765957446809
TEST,pooled:Hybrid + jurisdiction,5,top-50 (pooled),94.0,139.0,0.4748201438848921,0.50177304964539,0.40425531914893614
TEST,pooled:Hybrid + authority + jurisdiction,6,top-50 (pooled),94.0,139.0,0.6115107913669064,0.6276595744680852,0.5212765957446809
TEST,two_lane:no_authority,7,25+25 (two-lane),94.0,139.0,0.7338129496402878,0.7712765957446809,0.6914893617021277
TEST,two_lane:full_pre_CE,8,25+25 (two-lane),94.0,139.0,0.762589928057554,0.7943262411347518,0.7127659574468085
TEST,two_lane:full_post_CE,9,25+25 (two-lane),94.0,139.0,0.8057553956834532,0.8333333333333333,0.7553191489361702
