item,relation,stratum,verdict
E001,REFERENCES,REFERENCES / instrument named explicitly (0.90),MEANINGFUL
E002,REFERENCES,REFERENCES / instrument named explicitly (0.90),MEANINGFUL
E003,REFERENCES,REFERENCES / instrument named explicitly (0.90),MEANINGFUL
E004,REFERENCES,REFERENCES / instrument named explicitly (0.90),MEANINGFUL
E005,REFERENCES,REFERENCES / instrument named explicitly (0.90),CORRECT_BUT_USELESS
E006,REFERENCES,REFERENCES / instrument named explicitly (0.90),MEANINGFUL
E007,REFERENCES,REFERENCES / instrument named explicitly (0.90),MEANINGFUL
E008,REFERENCES,REFERENCES / instrument named explicitly (0.90),WRONG
E009,REFERENCES,REFERENCES / instrument named explicitly (0.90),MEANINGFUL
E010,REFERENCES,REFERENCES / instrument named explicitly (0.90),MEANINGFUL
E011,REFERENCES,REFERENCES / instrument inferred from document regime (0.70),WRONG
E012,REFERENCES,REFERENCES / instrument inferred from document regime (0.70),MEANINGFUL
E013,REFERENCES,REFERENCES / instrument inferred from document regime (0.70),CORRECT_BUT_USELESS
E014,REFERENCES,REFERENCES / instrument inferred from document regime (0.70),MEANINGFUL
E015,REFERENCES,REFERENCES / instrument inferred from document regime (0.70),MEANINGFUL
E016,REFERENCES,REFERENCES / instrument inferred from document regime (0.70),MEANINGFUL
E017,REFERENCES,REFERENCES / instrument inferred from document regime (0.70),MEANINGFUL
E018,REFERENCES,REFERENCES / instrument inferred from document regime (0.70),MEANINGFUL
E019,REFERENCES,REFERENCES / instrument inferred from document regime (0.70),WRONG
E020,REFERENCES,REFERENCES / instrument inferred from document regime (0.70),MEANINGFUL
E021,REFERENCES,REFERENCES / instrument inferred from a mention elsewhere in document (0.65),WRONG
E022,REFERENCES,REFERENCES / instrument inferred from a mention elsewhere in document (0.65),MEANINGFUL
E023,REFERENCES,REFERENCES / instrument inferred from a mention elsewhere in document (0.65),WRONG
E024,REFERENCES,REFERENCES / instrument inferred from a mention elsewhere in document (0.65),WRONG
E025,REFERENCES,REFERENCES / instrument inferred from a mention elsewhere in document (0.65),WRONG
E026,REFERENCES,REFERENCES / instrument inferred from a mention elsewhere in document (0.65),WRONG
E027,REFERENCES,REFERENCES / instrument inferred from a mention elsewhere in document (0.65),WRONG
E028,REFERENCES,REFERENCES / instrument inferred from a mention elsewhere in document (0.65),WRONG
E029,REFERENCES,REFERENCES / instrument inferred from a mention elsewhere in document (0.65),WRONG
E030,REFERENCES,REFERENCES / instrument inferred from a mention elsewhere in document (0.65),MEANINGFUL
E031,REFERENCES,REFERENCES / rolled up to ancestor provision,MEANINGFUL
E032,REFERENCES,REFERENCES / rolled up to ancestor provision,MEANINGFUL
E033,REFERENCES,REFERENCES / rolled up to ancestor provision,MEANINGFUL
E034,REFERENCES,REFERENCES / rolled up to ancestor provision,MEANINGFUL
E035,REFERENCES,REFERENCES / rolled up to ancestor provision,MEANINGFUL
E036,REFERENCES,REFERENCES / rolled up to ancestor provision,WRONG
E037,REFERENCES,REFERENCES / rolled up to ancestor provision,CORRECT_BUT_USELESS
E038,REFERENCES,REFERENCES / rolled up to ancestor provision,MEANINGFUL
E039,REFERENCES,REFERENCES / rolled up to ancestor provision,MEANINGFUL
E040,REFERENCES,REFERENCES / rolled up to ancestor provision,MEANINGFUL
E041,CROSS_REFERS_TO,"CROSS_REFERS_TO / internal, structured XML reference",MEANINGFUL
E042,CROSS_REFERS_TO,"CROSS_REFERS_TO / internal, structured XML reference",MEANINGFUL
E043,CROSS_REFERS_TO,"CROSS_REFERS_TO / internal, structured XML reference",MEANINGFUL
E044,CROSS_REFERS_TO,"CROSS_REFERS_TO / internal, structured XML reference",MEANINGFUL
E045,CROSS_REFERS_TO,"CROSS_REFERS_TO / internal, structured XML reference",MEANINGFUL
E046,CROSS_REFERS_TO,"CROSS_REFERS_TO / internal, structured XML reference",MEANINGFUL
E047,CROSS_REFERS_TO,"CROSS_REFERS_TO / internal, structured XML reference",MEANINGFUL
E048,CROSS_REFERS_TO,"CROSS_REFERS_TO / internal, structured XML reference",MEANINGFUL
E049,CROSS_REFERS_TO,"CROSS_REFERS_TO / internal, structured XML reference",MEANINGFUL
E050,CROSS_REFERS_TO,"CROSS_REFERS_TO / internal, structured XML reference",MEANINGFUL
E051,CROSS_REFERS_TO,"CROSS_REFERS_TO / internal, regex citation",MEANINGFUL
E052,CROSS_REFERS_TO,"CROSS_REFERS_TO / internal, regex citation",MEANINGFUL
E053,CROSS_REFERS_TO,"CROSS_REFERS_TO / internal, regex citation",MEANINGFUL
E054,CROSS_REFERS_TO,"CROSS_REFERS_TO / internal, regex citation",WRONG
E055,CROSS_REFERS_TO,"CROSS_REFERS_TO / internal, regex citation",MEANINGFUL
E056,CROSS_REFERS_TO,"CROSS_REFERS_TO / internal, regex citation",MEANINGFUL
E057,CROSS_REFERS_TO,"CROSS_REFERS_TO / internal, regex citation",WRONG
E058,CROSS_REFERS_TO,"CROSS_REFERS_TO / internal, regex citation",MEANINGFUL
E059,CROSS_REFERS_TO,"CROSS_REFERS_TO / internal, regex citation",MEANINGFUL
E060,CROSS_REFERS_TO,"CROSS_REFERS_TO / internal, regex citation",UNSURE
E061,CROSS_REFERS_TO,CROSS_REFERS_TO / cross-instrument (named instrument),MEANINGFUL
E062,CROSS_REFERS_TO,CROSS_REFERS_TO / cross-instrument (named instrument),MEANINGFUL
E063,CROSS_REFERS_TO,CROSS_REFERS_TO / cross-instrument (named instrument),MEANINGFUL
E064,CROSS_REFERS_TO,CROSS_REFERS_TO / cross-instrument (named instrument),MEANINGFUL
E065,CROSS_REFERS_TO,CROSS_REFERS_TO / cross-instrument (named instrument),MEANINGFUL
E066,CROSS_REFERS_TO,CROSS_REFERS_TO / cross-instrument (named instrument),MEANINGFUL
E067,CROSS_REFERS_TO,CROSS_REFERS_TO / cross-instrument (named instrument),MEANINGFUL
E068,CROSS_REFERS_TO,CROSS_REFERS_TO / cross-instrument (named instrument),MEANINGFUL
E069,CROSS_REFERS_TO,CROSS_REFERS_TO / cross-instrument (named instrument),MEANINGFUL
E070,CROSS_REFERS_TO,CROSS_REFERS_TO / cross-instrument (named instrument),MEANINGFUL
E071,CROSS_REFERS_TO,CROSS_REFERS_TO / rolled up to ancestor provision,CORRECT_BUT_USELESS
E072,CROSS_REFERS_TO,CROSS_REFERS_TO / rolled up to ancestor provision,MEANINGFUL
E073,CROSS_REFERS_TO,CROSS_REFERS_TO / rolled up to ancestor provision,MEANINGFUL
E074,CROSS_REFERS_TO,CROSS_REFERS_TO / rolled up to ancestor provision,MEANINGFUL
E075,CROSS_REFERS_TO,CROSS_REFERS_TO / rolled up to ancestor provision,MEANINGFUL
E076,CROSS_REFERS_TO,CROSS_REFERS_TO / rolled up to ancestor provision,MEANINGFUL
E077,CROSS_REFERS_TO,CROSS_REFERS_TO / rolled up to ancestor provision,MEANINGFUL
E078,CROSS_REFERS_TO,CROSS_REFERS_TO / rolled up to ancestor provision,MEANINGFUL
E079,CROSS_REFERS_TO,CROSS_REFERS_TO / rolled up to ancestor provision,MEANINGFUL
E080,CROSS_REFERS_TO,CROSS_REFERS_TO / rolled up to ancestor provision,MEANINGFUL
E081,CROSS_REFERS_TO,CROSS_REFERS_TO / into reg 1 / reg 2 / s.1-2 (citation-definition hubs),WRONG
E082,CROSS_REFERS_TO,CROSS_REFERS_TO / into reg 1 / reg 2 / s.1-2 (citation-definition hubs),WRONG
E083,CROSS_REFERS_TO,CROSS_REFERS_TO / into reg 1 / reg 2 / s.1-2 (citation-definition hubs),WRONG
E084,CROSS_REFERS_TO,CROSS_REFERS_TO / into reg 1 / reg 2 / s.1-2 (citation-definition hubs),WRONG
E085,CROSS_REFERS_TO,CROSS_REFERS_TO / into reg 1 / reg 2 / s.1-2 (citation-definition hubs),CORRECT_BUT_USELESS
E086,CROSS_REFERS_TO,CROSS_REFERS_TO / into reg 1 / reg 2 / s.1-2 (citation-definition hubs),WRONG
E087,CROSS_REFERS_TO,CROSS_REFERS_TO / into reg 1 / reg 2 / s.1-2 (citation-definition hubs),MEANINGFUL
E088,CROSS_REFERS_TO,CROSS_REFERS_TO / into reg 1 / reg 2 / s.1-2 (citation-definition hubs),CORRECT_BUT_USELESS
E089,CROSS_REFERS_TO,CROSS_REFERS_TO / into reg 1 / reg 2 / s.1-2 (citation-definition hubs),WRONG
E090,CROSS_REFERS_TO,CROSS_REFERS_TO / into reg 1 / reg 2 / s.1-2 (citation-definition hubs),WRONG
E091,COMMENCEMENT_PROVISION,COMMENCEMENT_PROVISION,CORRECT_BUT_USELESS
E092,COMMENCEMENT_PROVISION,COMMENCEMENT_PROVISION,CORRECT_BUT_USELESS
E093,COMMENCEMENT_PROVISION,COMMENCEMENT_PROVISION,CORRECT_BUT_USELESS
E094,COMMENCEMENT_PROVISION,COMMENCEMENT_PROVISION,CORRECT_BUT_USELESS
E095,COMMENCEMENT_PROVISION,COMMENCEMENT_PROVISION,CORRECT_BUT_USELESS
E096,COMMENCEMENT_PROVISION,COMMENCEMENT_PROVISION,CORRECT_BUT_USELESS
E097,COMMENCEMENT_PROVISION,COMMENCEMENT_PROVISION,CORRECT_BUT_USELESS
E098,COMMENCEMENT_PROVISION,COMMENCEMENT_PROVISION,CORRECT_BUT_USELESS
E099,COMMENCEMENT_PROVISION,COMMENCEMENT_PROVISION,CORRECT_BUT_USELESS
E100,COMMENCEMENT_PROVISION,COMMENCEMENT_PROVISION,CORRECT_BUT_USELESS
E101,COMMENCED_BY,COMMENCED_BY,MEANINGFUL
E102,COMMENCED_BY,COMMENCED_BY,MEANINGFUL
E103,COMMENCED_BY,COMMENCED_BY,MEANINGFUL
E104,COMMENCED_BY,COMMENCED_BY,MEANINGFUL
E105,COMMENCED_BY,COMMENCED_BY,MEANINGFUL
E106,COMMENCED_BY,COMMENCED_BY,MEANINGFUL
E107,COMMENCED_BY,COMMENCED_BY,MEANINGFUL
E108,COMMENCED_BY,COMMENCED_BY,MEANINGFUL
E109,COMMENCED_BY,COMMENCED_BY,MEANINGFUL
E110,COMMENCED_BY,COMMENCED_BY,MEANINGFUL
E111,AMENDED_BY,AMENDED_BY,CORRECT_BUT_USELESS
E112,AMENDED_BY,AMENDED_BY,CORRECT_BUT_USELESS
E113,AMENDED_BY,AMENDED_BY,CORRECT_BUT_USELESS
E114,AMENDED_BY,AMENDED_BY,CORRECT_BUT_USELESS
E115,AMENDED_BY,AMENDED_BY,CORRECT_BUT_USELESS
E116,AMENDED_BY,AMENDED_BY,CORRECT_BUT_USELESS
E117,AMENDED_BY,AMENDED_BY,CORRECT_BUT_USELESS
E118,AMENDED_BY,AMENDED_BY,CORRECT_BUT_USELESS
E119,AMENDED_BY,AMENDED_BY,CORRECT_BUT_USELESS
E120,AMENDED_BY,AMENDED_BY,CORRECT_BUT_USELESS
E121,REVOKED_BY,REVOKED_BY,CORRECT_BUT_USELESS
E122,SAVED_BY,SAVED_BY,MEANINGFUL
