split,stage,k,n_scenarios,n_requirements,requirement_recall_weighted
DEV,post_CE,10,95.0,155.0,0.6903225806451613
DEV,post_CE,20,95.0,155.0,0.8
DEV,post_CE,30,95.0,155.0,0.8258064516129032
DEV,post_CE,40,95.0,155.0,0.864516129032258
DEV,post_CE,50,95.0,155.0,0.8903225806451613
DEV,post_CE,60,95.0,155.0,0.9032258064516129
DEV,post_CE,70,95.0,155.0,0.9096774193548387
DEV,post_CE,75,95.0,155.0,0.9161290322580645
DEV,pre_CE,10,95.0,155.0,0.6258064516129033
DEV,pre_CE,20,95.0,155.0,0.7483870967741936
DEV,pre_CE,30,95.0,155.0,0.8064516129032258
DEV,pre_CE,40,95.0,155.0,0.832258064516129
DEV,pre_CE,50,95.0,155.0,0.8451612903225807
DEV,pre_CE,60,95.0,155.0,0.8709677419354839
DEV,pre_CE,70,95.0,155.0,0.8903225806451613
DEV,pre_CE,75,95.0,155.0,0.9161290322580645
TEST,post_CE,10,94.0,139.0,0.7266187050359713
TEST,post_CE,20,94.0,139.0,0.7841726618705036
TEST,post_CE,30,94.0,139.0,0.8345323741007195
TEST,post_CE,40,94.0,139.0,0.8489208633093526
TEST,post_CE,50,94.0,139.0,0.8848920863309353
TEST,post_CE,60,94.0,139.0,0.8848920863309353
TEST,post_CE,70,94.0,139.0,0.8848920863309353
TEST,post_CE,75,94.0,139.0,0.8848920863309353
TEST,pre_CE,10,94.0,139.0,0.6618705035971223
TEST,pre_CE,20,94.0,139.0,0.7338129496402878
TEST,pre_CE,30,94.0,139.0,0.7913669064748201
TEST,pre_CE,40,94.0,139.0,0.8273381294964028
TEST,pre_CE,50,94.0,139.0,0.841726618705036
TEST,pre_CE,60,94.0,139.0,0.8633093525179856
TEST,pre_CE,70,94.0,139.0,0.8776978417266187
TEST,pre_CE,75,94.0,139.0,0.8848920863309353
