split,stage,k,scenario_id,n_satisfied,n_total
DEV,pre_CE,10,DEV001,2,2
DEV,pre_CE,20,DEV001,2,2
DEV,pre_CE,30,DEV001,2,2
DEV,pre_CE,40,DEV001,2,2
DEV,pre_CE,50,DEV001,2,2
DEV,pre_CE,60,DEV001,2,2
DEV,pre_CE,70,DEV001,2,2
DEV,pre_CE,75,DEV001,2,2
DEV,post_CE,10,DEV001,2,2
DEV,post_CE,20,DEV001,2,2
DEV,post_CE,30,DEV001,2,2
DEV,post_CE,40,DEV001,2,2
DEV,post_CE,50,DEV001,2,2
DEV,post_CE,60,DEV001,2,2
DEV,post_CE,70,DEV001,2,2
DEV,post_CE,75,DEV001,2,2
DEV,pre_CE,10,DEV004,1,2
DEV,pre_CE,20,DEV004,2,2
DEV,pre_CE,30,DEV004,2,2
DEV,pre_CE,40,DEV004,2,2
DEV,pre_CE,50,DEV004,2,2
DEV,pre_CE,60,DEV004,2,2
DEV,pre_CE,70,DEV004,2,2
DEV,pre_CE,75,DEV004,2,2
DEV,post_CE,10,DEV004,1,2
DEV,post_CE,20,DEV004,2,2
DEV,post_CE,30,DEV004,2,2
DEV,post_CE,40,DEV004,2,2
DEV,post_CE,50,DEV004,2,2
DEV,post_CE,60,DEV004,2,2
DEV,post_CE,70,DEV004,2,2
DEV,post_CE,75,DEV004,2,2
DEV,pre_CE,10,DEV005,1,2
DEV,pre_CE,20,DEV005,2,2
DEV,pre_CE,30,DEV005,2,2
DEV,pre_CE,40,DEV005,2,2
DEV,pre_CE,50,DEV005,2,2
DEV,pre_CE,60,DEV005,2,2
DEV,pre_CE,70,DEV005,2,2
DEV,pre_CE,75,DEV005,2,2
DEV,post_CE,10,DEV005,2,2
DEV,post_CE,20,DEV005,2,2
DEV,post_CE,30,DEV005,2,2
DEV,post_CE,40,DEV005,2,2
DEV,post_CE,50,DEV005,2,2
DEV,post_CE,60,DEV005,2,2
DEV,post_CE,70,DEV005,2,2
DEV,post_CE,75,DEV005,2,2
DEV,pre_CE,10,DEV007,1,2
DEV,pre_CE,20,DEV007,1,2
DEV,pre_CE,30,DEV007,1,2
DEV,pre_CE,40,DEV007,1,2
DEV,pre_CE,50,DEV007,1,2
DEV,pre_CE,60,DEV007,2,2
DEV,pre_CE,70,DEV007,2,2
DEV,pre_CE,75,DEV007,2,2
DEV,post_CE,10,DEV007,0,2
DEV,post_CE,20,DEV007,0,2
DEV,post_CE,30,DEV007,1,2
DEV,post_CE,40,DEV007,2,2
DEV,post_CE,50,DEV007,2,2
DEV,post_CE,60,DEV007,2,2
DEV,post_CE,70,DEV007,2,2
DEV,post_CE,75,DEV007,2,2
DEV,pre_CE,10,DEV011,2,2
DEV,pre_CE,20,DEV011,2,2
DEV,pre_CE,30,DEV011,2,2
DEV,pre_CE,40,DEV011,2,2
DEV,pre_CE,50,DEV011,2,2
DEV,pre_CE,60,DEV011,2,2
DEV,pre_CE,70,DEV011,2,2
DEV,pre_CE,75,DEV011,2,2
DEV,post_CE,10,DEV011,1,2
DEV,post_CE,20,DEV011,2,2
DEV,post_CE,30,DEV011,2,2
DEV,post_CE,40,DEV011,2,2
DEV,post_CE,50,DEV011,2,2
DEV,post_CE,60,DEV011,2,2
DEV,post_CE,70,DEV011,2,2
DEV,post_CE,75,DEV011,2,2
DEV,pre_CE,10,DEV012,2,2
DEV,pre_CE,20,DEV012,2,2
DEV,pre_CE,30,DEV012,2,2
DEV,pre_CE,40,DEV012,2,2
DEV,pre_CE,50,DEV012,2,2
DEV,pre_CE,60,DEV012,2,2
DEV,pre_CE,70,DEV012,2,2
DEV,pre_CE,75,DEV012,2,2
DEV,post_CE,10,DEV012,2,2
DEV,post_CE,20,DEV012,2,2
DEV,post_CE,30,DEV012,2,2
DEV,post_CE,40,DEV012,2,2
DEV,post_CE,50,DEV012,2,2
DEV,post_CE,60,DEV012,2,2
DEV,post_CE,70,DEV012,2,2
DEV,post_CE,75,DEV012,2,2
DEV,pre_CE,10,DEV013,2,2
DEV,pre_CE,20,DEV013,2,2
DEV,pre_CE,30,DEV013,2,2
DEV,pre_CE,40,DEV013,2,2
DEV,pre_CE,50,DEV013,2,2
DEV,pre_CE,60,DEV013,2,2
DEV,pre_CE,70,DEV013,2,2
DEV,pre_CE,75,DEV013,2,2
DEV,post_CE,10,DEV013,0,2
DEV,post_CE,20,DEV013,2,2
DEV,post_CE,30,DEV013,2,2
DEV,post_CE,40,DEV013,2,2
DEV,post_CE,50,DEV013,2,2
DEV,post_CE,60,DEV013,2,2
DEV,post_CE,70,DEV013,2,2
DEV,post_CE,75,DEV013,2,2
DEV,pre_CE,10,DEV014,2,3
DEV,pre_CE,20,DEV014,2,3
DEV,pre_CE,30,DEV014,3,3
DEV,pre_CE,40,DEV014,3,3
DEV,pre_CE,50,DEV014,3,3
DEV,pre_CE,60,DEV014,3,3
DEV,pre_CE,70,DEV014,3,3
DEV,pre_CE,75,DEV014,3,3
DEV,post_CE,10,DEV014,2,3
DEV,post_CE,20,DEV014,2,3
DEV,post_CE,30,DEV014,2,3
DEV,post_CE,40,DEV014,2,3
DEV,post_CE,50,DEV014,3,3
DEV,post_CE,60,DEV014,3,3
DEV,post_CE,70,DEV014,3,3
DEV,post_CE,75,DEV014,3,3
DEV,pre_CE,10,DEV017,2,2
DEV,pre_CE,20,DEV017,2,2
DEV,pre_CE,30,DEV017,2,2
DEV,pre_CE,40,DEV017,2,2
DEV,pre_CE,50,DEV017,2,2
DEV,pre_CE,60,DEV017,2,2
DEV,pre_CE,70,DEV017,2,2
DEV,pre_CE,75,DEV017,2,2
DEV,post_CE,10,DEV017,2,2
DEV,post_CE,20,DEV017,2,2
DEV,post_CE,30,DEV017,2,2
DEV,post_CE,40,DEV017,2,2
DEV,post_CE,50,DEV017,2,2
DEV,post_CE,60,DEV017,2,2
DEV,post_CE,70,DEV017,2,2
DEV,post_CE,75,DEV017,2,2
DEV,pre_CE,10,DEV018,2,3
DEV,pre_CE,20,DEV018,2,3
DEV,pre_CE,30,DEV018,2,3
DEV,pre_CE,40,DEV018,2,3
DEV,pre_CE,50,DEV018,2,3
DEV,pre_CE,60,DEV018,2,3
DEV,pre_CE,70,DEV018,2,3
DEV,pre_CE,75,DEV018,3,3
DEV,post_CE,10,DEV018,2,3
DEV,post_CE,20,DEV018,2,3
DEV,post_CE,30,DEV018,2,3
DEV,post_CE,40,DEV018,3,3
DEV,post_CE,50,DEV018,3,3
DEV,post_CE,60,DEV018,3,3
DEV,post_CE,70,DEV018,3,3
DEV,post_CE,75,DEV018,3,3
DEV,pre_CE,10,DEV020,2,2
DEV,pre_CE,20,DEV020,2,2
DEV,pre_CE,30,DEV020,2,2
DEV,pre_CE,40,DEV020,2,2
DEV,pre_CE,50,DEV020,2,2
DEV,pre_CE,60,DEV020,2,2
DEV,pre_CE,70,DEV020,2,2
DEV,pre_CE,75,DEV020,2,2
DEV,post_CE,10,DEV020,2,2
DEV,post_CE,20,DEV020,2,2
DEV,post_CE,30,DEV020,2,2
DEV,post_CE,40,DEV020,2,2
DEV,post_CE,50,DEV020,2,2
DEV,post_CE,60,DEV020,2,2
DEV,post_CE,70,DEV020,2,2
DEV,post_CE,75,DEV020,2,2
DEV,pre_CE,10,DEV023,1,2
DEV,pre_CE,20,DEV023,1,2
DEV,pre_CE,30,DEV023,1,2
DEV,pre_CE,40,DEV023,1,2
DEV,pre_CE,50,DEV023,1,2
DEV,pre_CE,60,DEV023,1,2
DEV,pre_CE,70,DEV023,1,2
DEV,pre_CE,75,DEV023,1,2
DEV,post_CE,10,DEV023,1,2
DEV,post_CE,20,DEV023,1,2
DEV,post_CE,30,DEV023,1,2
DEV,post_CE,40,DEV023,1,2
DEV,post_CE,50,DEV023,1,2
DEV,post_CE,60,DEV023,1,2
DEV,post_CE,70,DEV023,1,2
DEV,post_CE,75,DEV023,1,2
DEV,pre_CE,10,DEV026,1,2
DEV,pre_CE,20,DEV026,1,2
DEV,pre_CE,30,DEV026,1,2
DEV,pre_CE,40,DEV026,1,2
DEV,pre_CE,50,DEV026,1,2
DEV,pre_CE,60,DEV026,1,2
DEV,pre_CE,70,DEV026,1,2
DEV,pre_CE,75,DEV026,1,2
DEV,post_CE,10,DEV026,1,2
DEV,post_CE,20,DEV026,1,2
DEV,post_CE,30,DEV026,1,2
DEV,post_CE,40,DEV026,1,2
DEV,post_CE,50,DEV026,1,2
DEV,post_CE,60,DEV026,1,2
DEV,post_CE,70,DEV026,1,2
DEV,post_CE,75,DEV026,1,2
DEV,pre_CE,10,DEV027,1,2
DEV,pre_CE,20,DEV027,2,2
DEV,pre_CE,30,DEV027,2,2
DEV,pre_CE,40,DEV027,2,2
DEV,pre_CE,50,DEV027,2,2
DEV,pre_CE,60,DEV027,2,2
DEV,pre_CE,70,DEV027,2,2
DEV,pre_CE,75,DEV027,2,2
DEV,post_CE,10,DEV027,2,2
DEV,post_CE,20,DEV027,2,2
DEV,post_CE,30,DEV027,2,2
DEV,post_CE,40,DEV027,2,2
DEV,post_CE,50,DEV027,2,2
DEV,post_CE,60,DEV027,2,2
DEV,post_CE,70,DEV027,2,2
DEV,post_CE,75,DEV027,2,2
DEV,pre_CE,10,DEV029,2,2
DEV,pre_CE,20,DEV029,2,2
DEV,pre_CE,30,DEV029,2,2
DEV,pre_CE,40,DEV029,2,2
DEV,pre_CE,50,DEV029,2,2
DEV,pre_CE,60,DEV029,2,2
DEV,pre_CE,70,DEV029,2,2
DEV,pre_CE,75,DEV029,2,2
DEV,post_CE,10,DEV029,1,2
DEV,post_CE,20,DEV029,1,2
DEV,post_CE,30,DEV029,1,2
DEV,post_CE,40,DEV029,2,2
DEV,post_CE,50,DEV029,2,2
DEV,post_CE,60,DEV029,2,2
DEV,post_CE,70,DEV029,2,2
DEV,post_CE,75,DEV029,2,2
DEV,pre_CE,10,DEV030,0,2
DEV,pre_CE,20,DEV030,2,2
DEV,pre_CE,30,DEV030,2,2
DEV,pre_CE,40,DEV030,2,2
DEV,pre_CE,50,DEV030,2,2
DEV,pre_CE,60,DEV030,2,2
DEV,pre_CE,70,DEV030,2,2
DEV,pre_CE,75,DEV030,2,2
DEV,post_CE,10,DEV030,0,2
DEV,post_CE,20,DEV030,2,2
DEV,post_CE,30,DEV030,2,2
DEV,post_CE,40,DEV030,2,2
DEV,post_CE,50,DEV030,2,2
DEV,post_CE,60,DEV030,2,2
DEV,post_CE,70,DEV030,2,2
DEV,post_CE,75,DEV030,2,2
DEV,pre_CE,10,DEV031,1,4
DEV,pre_CE,20,DEV031,1,4
DEV,pre_CE,30,DEV031,1,4
DEV,pre_CE,40,DEV031,2,4
DEV,pre_CE,50,DEV031,2,4
DEV,pre_CE,60,DEV031,2,4
DEV,pre_CE,70,DEV031,2,4
DEV,pre_CE,75,DEV031,3,4
DEV,post_CE,10,DEV031,2,4
DEV,post_CE,20,DEV031,2,4
DEV,post_CE,30,DEV031,2,4
DEV,post_CE,40,DEV031,2,4
DEV,post_CE,50,DEV031,3,4
DEV,post_CE,60,DEV031,3,4
DEV,post_CE,70,DEV031,3,4
DEV,post_CE,75,DEV031,3,4
DEV,pre_CE,10,DEV034,1,2
DEV,pre_CE,20,DEV034,1,2
DEV,pre_CE,30,DEV034,1,2
DEV,pre_CE,40,DEV034,1,2
DEV,pre_CE,50,DEV034,1,2
DEV,pre_CE,60,DEV034,1,2
DEV,pre_CE,70,DEV034,1,2
DEV,pre_CE,75,DEV034,1,2
DEV,post_CE,10,DEV034,0,2
DEV,post_CE,20,DEV034,0,2
DEV,post_CE,30,DEV034,0,2
DEV,post_CE,40,DEV034,0,2
DEV,post_CE,50,DEV034,0,2
DEV,post_CE,60,DEV034,0,2
DEV,post_CE,70,DEV034,0,2
DEV,post_CE,75,DEV034,1,2
DEV,pre_CE,10,DEV035,1,1
DEV,pre_CE,20,DEV035,1,1
DEV,pre_CE,30,DEV035,1,1
DEV,pre_CE,40,DEV035,1,1
DEV,pre_CE,50,DEV035,1,1
DEV,pre_CE,60,DEV035,1,1
DEV,pre_CE,70,DEV035,1,1
DEV,pre_CE,75,DEV035,1,1
DEV,post_CE,10,DEV035,1,1
DEV,post_CE,20,DEV035,1,1
DEV,post_CE,30,DEV035,1,1
DEV,post_CE,40,DEV035,1,1
DEV,post_CE,50,DEV035,1,1
DEV,post_CE,60,DEV035,1,1
DEV,post_CE,70,DEV035,1,1
DEV,post_CE,75,DEV035,1,1
DEV,pre_CE,10,DEV039,1,3
DEV,pre_CE,20,DEV039,2,3
DEV,pre_CE,30,DEV039,3,3
DEV,pre_CE,40,DEV039,3,3
DEV,pre_CE,50,DEV039,3,3
DEV,pre_CE,60,DEV039,3,3
DEV,pre_CE,70,DEV039,3,3
DEV,pre_CE,75,DEV039,3,3
DEV,post_CE,10,DEV039,2,3
DEV,post_CE,20,DEV039,3,3
DEV,post_CE,30,DEV039,3,3
DEV,post_CE,40,DEV039,3,3
DEV,post_CE,50,DEV039,3,3
DEV,post_CE,60,DEV039,3,3
DEV,post_CE,70,DEV039,3,3
DEV,post_CE,75,DEV039,3,3
DEV,pre_CE,10,DEV040,3,3
DEV,pre_CE,20,DEV040,3,3
DEV,pre_CE,30,DEV040,3,3
DEV,pre_CE,40,DEV040,3,3
DEV,pre_CE,50,DEV040,3,3
DEV,pre_CE,60,DEV040,3,3
DEV,pre_CE,70,DEV040,3,3
DEV,pre_CE,75,DEV040,3,3
DEV,post_CE,10,DEV040,3,3
DEV,post_CE,20,DEV040,3,3
DEV,post_CE,30,DEV040,3,3
DEV,post_CE,40,DEV040,3,3
DEV,post_CE,50,DEV040,3,3
DEV,post_CE,60,DEV040,3,3
DEV,post_CE,70,DEV040,3,3
DEV,post_CE,75,DEV040,3,3
DEV,pre_CE,10,TEST001,1,1
DEV,pre_CE,20,TEST001,1,1
DEV,pre_CE,30,TEST001,1,1
DEV,pre_CE,40,TEST001,1,1
DEV,pre_CE,50,TEST001,1,1
DEV,pre_CE,60,TEST001,1,1
DEV,pre_CE,70,TEST001,1,1
DEV,pre_CE,75,TEST001,1,1
DEV,post_CE,10,TEST001,1,1
DEV,post_CE,20,TEST001,1,1
DEV,post_CE,30,TEST001,1,1
DEV,post_CE,40,TEST001,1,1
DEV,post_CE,50,TEST001,1,1
DEV,post_CE,60,TEST001,1,1
DEV,post_CE,70,TEST001,1,1
DEV,post_CE,75,TEST001,1,1
DEV,pre_CE,10,TEST003,2,2
DEV,pre_CE,20,TEST003,2,2
DEV,pre_CE,30,TEST003,2,2
DEV,pre_CE,40,TEST003,2,2
DEV,pre_CE,50,TEST003,2,2
DEV,pre_CE,60,TEST003,2,2
DEV,pre_CE,70,TEST003,2,2
DEV,pre_CE,75,TEST003,2,2
DEV,post_CE,10,TEST003,0,2
DEV,post_CE,20,TEST003,2,2
DEV,post_CE,30,TEST003,2,2
DEV,post_CE,40,TEST003,2,2
DEV,post_CE,50,TEST003,2,2
DEV,post_CE,60,TEST003,2,2
DEV,post_CE,70,TEST003,2,2
DEV,post_CE,75,TEST003,2,2
DEV,pre_CE,10,TEST004,0,2
DEV,pre_CE,20,TEST004,0,2
DEV,pre_CE,30,TEST004,1,2
DEV,pre_CE,40,TEST004,1,2
DEV,pre_CE,50,TEST004,2,2
DEV,pre_CE,60,TEST004,2,2
DEV,pre_CE,70,TEST004,2,2
DEV,pre_CE,75,TEST004,2,2
DEV,post_CE,10,TEST004,1,2
DEV,post_CE,20,TEST004,2,2
DEV,post_CE,30,TEST004,2,2
DEV,post_CE,40,TEST004,2,2
DEV,post_CE,50,TEST004,2,2
DEV,post_CE,60,TEST004,2,2
DEV,post_CE,70,TEST004,2,2
DEV,post_CE,75,TEST004,2,2
DEV,pre_CE,10,TEST005,1,1
DEV,pre_CE,20,TEST005,1,1
DEV,pre_CE,30,TEST005,1,1
DEV,pre_CE,40,TEST005,1,1
DEV,pre_CE,50,TEST005,1,1
DEV,pre_CE,60,TEST005,1,1
DEV,pre_CE,70,TEST005,1,1
DEV,pre_CE,75,TEST005,1,1
DEV,post_CE,10,TEST005,1,1
DEV,post_CE,20,TEST005,1,1
DEV,post_CE,30,TEST005,1,1
DEV,post_CE,40,TEST005,1,1
DEV,post_CE,50,TEST005,1,1
DEV,post_CE,60,TEST005,1,1
DEV,post_CE,70,TEST005,1,1
DEV,post_CE,75,TEST005,1,1
DEV,pre_CE,10,TEST009,0,2
DEV,pre_CE,20,TEST009,0,2
DEV,pre_CE,30,TEST009,0,2
DEV,pre_CE,40,TEST009,0,2
DEV,pre_CE,50,TEST009,0,2
DEV,pre_CE,60,TEST009,1,2
DEV,pre_CE,70,TEST009,2,2
DEV,pre_CE,75,TEST009,2,2
DEV,post_CE,10,TEST009,0,2
DEV,post_CE,20,TEST009,0,2
DEV,post_CE,30,TEST009,2,2
DEV,post_CE,40,TEST009,2,2
DEV,post_CE,50,TEST009,2,2
DEV,post_CE,60,TEST009,2,2
DEV,post_CE,70,TEST009,2,2
DEV,post_CE,75,TEST009,2,2
DEV,pre_CE,10,TEST011,2,2
DEV,pre_CE,20,TEST011,2,2
DEV,pre_CE,30,TEST011,2,2
DEV,pre_CE,40,TEST011,2,2
DEV,pre_CE,50,TEST011,2,2
DEV,pre_CE,60,TEST011,2,2
DEV,pre_CE,70,TEST011,2,2
DEV,pre_CE,75,TEST011,2,2
DEV,post_CE,10,TEST011,2,2
DEV,post_CE,20,TEST011,2,2
DEV,post_CE,30,TEST011,2,2
DEV,post_CE,40,TEST011,2,2
DEV,post_CE,50,TEST011,2,2
DEV,post_CE,60,TEST011,2,2
DEV,post_CE,70,TEST011,2,2
DEV,post_CE,75,TEST011,2,2
DEV,pre_CE,10,TEST012,2,2
DEV,pre_CE,20,TEST012,2,2
DEV,pre_CE,30,TEST012,2,2
DEV,pre_CE,40,TEST012,2,2
DEV,pre_CE,50,TEST012,2,2
DEV,pre_CE,60,TEST012,2,2
DEV,pre_CE,70,TEST012,2,2
DEV,pre_CE,75,TEST012,2,2
DEV,post_CE,10,TEST012,2,2
DEV,post_CE,20,TEST012,2,2
DEV,post_CE,30,TEST012,2,2
DEV,post_CE,40,TEST012,2,2
DEV,post_CE,50,TEST012,2,2
DEV,post_CE,60,TEST012,2,2
DEV,post_CE,70,TEST012,2,2
DEV,post_CE,75,TEST012,2,2
DEV,pre_CE,10,TEST013,1,2
DEV,pre_CE,20,TEST013,2,2
DEV,pre_CE,30,TEST013,2,2
DEV,pre_CE,40,TEST013,2,2
DEV,pre_CE,50,TEST013,2,2
DEV,pre_CE,60,TEST013,2,2
DEV,pre_CE,70,TEST013,2,2
DEV,pre_CE,75,TEST013,2,2
DEV,post_CE,10,TEST013,2,2
DEV,post_CE,20,TEST013,2,2
DEV,post_CE,30,TEST013,2,2
DEV,post_CE,40,TEST013,2,2
DEV,post_CE,50,TEST013,2,2
DEV,post_CE,60,TEST013,2,2
DEV,post_CE,70,TEST013,2,2
DEV,post_CE,75,TEST013,2,2
DEV,pre_CE,10,TEST015,2,2
DEV,pre_CE,20,TEST015,2,2
DEV,pre_CE,30,TEST015,2,2
DEV,pre_CE,40,TEST015,2,2
DEV,pre_CE,50,TEST015,2,2
DEV,pre_CE,60,TEST015,2,2
DEV,pre_CE,70,TEST015,2,2
DEV,pre_CE,75,TEST015,2,2
DEV,post_CE,10,TEST015,2,2
DEV,post_CE,20,TEST015,2,2
DEV,post_CE,30,TEST015,2,2
DEV,post_CE,40,TEST015,2,2
DEV,post_CE,50,TEST015,2,2
DEV,post_CE,60,TEST015,2,2
DEV,post_CE,70,TEST015,2,2
DEV,post_CE,75,TEST015,2,2
DEV,pre_CE,10,TEST017,2,3
DEV,pre_CE,20,TEST017,2,3
DEV,pre_CE,30,TEST017,2,3
DEV,pre_CE,40,TEST017,2,3
DEV,pre_CE,50,TEST017,2,3
DEV,pre_CE,60,TEST017,2,3
DEV,pre_CE,70,TEST017,2,3
DEV,pre_CE,75,TEST017,2,3
DEV,post_CE,10,TEST017,0,3
DEV,post_CE,20,TEST017,0,3
DEV,post_CE,30,TEST017,0,3
DEV,post_CE,40,TEST017,0,3
DEV,post_CE,50,TEST017,2,3
DEV,post_CE,60,TEST017,2,3
DEV,post_CE,70,TEST017,2,3
DEV,post_CE,75,TEST017,2,3
DEV,pre_CE,10,TEST019,1,1
DEV,pre_CE,20,TEST019,1,1
DEV,pre_CE,30,TEST019,1,1
DEV,pre_CE,40,TEST019,1,1
DEV,pre_CE,50,TEST019,1,1
DEV,pre_CE,60,TEST019,1,1
DEV,pre_CE,70,TEST019,1,1
DEV,pre_CE,75,TEST019,1,1
DEV,post_CE,10,TEST019,1,1
DEV,post_CE,20,TEST019,1,1
DEV,post_CE,30,TEST019,1,1
DEV,post_CE,40,TEST019,1,1
DEV,post_CE,50,TEST019,1,1
DEV,post_CE,60,TEST019,1,1
DEV,post_CE,70,TEST019,1,1
DEV,post_CE,75,TEST019,1,1
DEV,pre_CE,10,FAQ003,1,1
DEV,pre_CE,20,FAQ003,1,1
DEV,pre_CE,30,FAQ003,1,1
DEV,pre_CE,40,FAQ003,1,1
DEV,pre_CE,50,FAQ003,1,1
DEV,pre_CE,60,FAQ003,1,1
DEV,pre_CE,70,FAQ003,1,1
DEV,pre_CE,75,FAQ003,1,1
DEV,post_CE,10,FAQ003,1,1
DEV,post_CE,20,FAQ003,1,1
DEV,post_CE,30,FAQ003,1,1
DEV,post_CE,40,FAQ003,1,1
DEV,post_CE,50,FAQ003,1,1
DEV,post_CE,60,FAQ003,1,1
DEV,post_CE,70,FAQ003,1,1
DEV,post_CE,75,FAQ003,1,1
DEV,pre_CE,10,FAQ006,1,1
DEV,pre_CE,20,FAQ006,1,1
DEV,pre_CE,30,FAQ006,1,1
DEV,pre_CE,40,FAQ006,1,1
DEV,pre_CE,50,FAQ006,1,1
DEV,pre_CE,60,FAQ006,1,1
DEV,pre_CE,70,FAQ006,1,1
DEV,pre_CE,75,FAQ006,1,1
DEV,post_CE,10,FAQ006,1,1
DEV,post_CE,20,FAQ006,1,1
DEV,post_CE,30,FAQ006,1,1
DEV,post_CE,40,FAQ006,1,1
DEV,post_CE,50,FAQ006,1,1
DEV,post_CE,60,FAQ006,1,1
DEV,post_CE,70,FAQ006,1,1
DEV,post_CE,75,FAQ006,1,1
DEV,pre_CE,10,FAQ008,0,1
DEV,pre_CE,20,FAQ008,1,1
DEV,pre_CE,30,FAQ008,1,1
DEV,pre_CE,40,FAQ008,1,1
DEV,pre_CE,50,FAQ008,1,1
DEV,pre_CE,60,FAQ008,1,1
DEV,pre_CE,70,FAQ008,1,1
DEV,pre_CE,75,FAQ008,1,1
DEV,post_CE,10,FAQ008,0,1
DEV,post_CE,20,FAQ008,0,1
DEV,post_CE,30,FAQ008,0,1
DEV,post_CE,40,FAQ008,1,1
DEV,post_CE,50,FAQ008,1,1
DEV,post_CE,60,FAQ008,1,1
DEV,post_CE,70,FAQ008,1,1
DEV,post_CE,75,FAQ008,1,1
DEV,pre_CE,10,FAQ009,1,1
DEV,pre_CE,20,FAQ009,1,1
DEV,pre_CE,30,FAQ009,1,1
DEV,pre_CE,40,FAQ009,1,1
DEV,pre_CE,50,FAQ009,1,1
DEV,pre_CE,60,FAQ009,1,1
DEV,pre_CE,70,FAQ009,1,1
DEV,pre_CE,75,FAQ009,1,1
DEV,post_CE,10,FAQ009,1,1
DEV,post_CE,20,FAQ009,1,1
DEV,post_CE,30,FAQ009,1,1
DEV,post_CE,40,FAQ009,1,1
DEV,post_CE,50,FAQ009,1,1
DEV,post_CE,60,FAQ009,1,1
DEV,post_CE,70,FAQ009,1,1
DEV,post_CE,75,FAQ009,1,1
DEV,pre_CE,10,FAQ011,1,1
DEV,pre_CE,20,FAQ011,1,1
DEV,pre_CE,30,FAQ011,1,1
DEV,pre_CE,40,FAQ011,1,1
DEV,pre_CE,50,FAQ011,1,1
DEV,pre_CE,60,FAQ011,1,1
DEV,pre_CE,70,FAQ011,1,1
DEV,pre_CE,75,FAQ011,1,1
DEV,post_CE,10,FAQ011,1,1
DEV,post_CE,20,FAQ011,1,1
DEV,post_CE,30,FAQ011,1,1
DEV,post_CE,40,FAQ011,1,1
DEV,post_CE,50,FAQ011,1,1
DEV,post_CE,60,FAQ011,1,1
DEV,post_CE,70,FAQ011,1,1
DEV,post_CE,75,FAQ011,1,1
DEV,pre_CE,10,FAQ012,1,1
DEV,pre_CE,20,FAQ012,1,1
DEV,pre_CE,30,FAQ012,1,1
DEV,pre_CE,40,FAQ012,1,1
DEV,pre_CE,50,FAQ012,1,1
DEV,pre_CE,60,FAQ012,1,1
DEV,pre_CE,70,FAQ012,1,1
DEV,pre_CE,75,FAQ012,1,1
DEV,post_CE,10,FAQ012,1,1
DEV,post_CE,20,FAQ012,1,1
DEV,post_CE,30,FAQ012,1,1
DEV,post_CE,40,FAQ012,1,1
DEV,post_CE,50,FAQ012,1,1
DEV,post_CE,60,FAQ012,1,1
DEV,post_CE,70,FAQ012,1,1
DEV,post_CE,75,FAQ012,1,1
DEV,pre_CE,10,FAQ014,2,2
DEV,pre_CE,20,FAQ014,2,2
DEV,pre_CE,30,FAQ014,2,2
DEV,pre_CE,40,FAQ014,2,2
DEV,pre_CE,50,FAQ014,2,2
DEV,pre_CE,60,FAQ014,2,2
DEV,pre_CE,70,FAQ014,2,2
DEV,pre_CE,75,FAQ014,2,2
DEV,post_CE,10,FAQ014,2,2
DEV,post_CE,20,FAQ014,2,2
DEV,post_CE,30,FAQ014,2,2
DEV,post_CE,40,FAQ014,2,2
DEV,post_CE,50,FAQ014,2,2
DEV,post_CE,60,FAQ014,2,2
DEV,post_CE,70,FAQ014,2,2
DEV,post_CE,75,FAQ014,2,2
DEV,pre_CE,10,FAQ023,1,1
DEV,pre_CE,20,FAQ023,1,1
DEV,pre_CE,30,FAQ023,1,1
DEV,pre_CE,40,FAQ023,1,1
DEV,pre_CE,50,FAQ023,1,1
DEV,pre_CE,60,FAQ023,1,1
DEV,pre_CE,70,FAQ023,1,1
DEV,pre_CE,75,FAQ023,1,1
DEV,post_CE,10,FAQ023,1,1
DEV,post_CE,20,FAQ023,1,1
DEV,post_CE,30,FAQ023,1,1
DEV,post_CE,40,FAQ023,1,1
DEV,post_CE,50,FAQ023,1,1
DEV,post_CE,60,FAQ023,1,1
DEV,post_CE,70,FAQ023,1,1
DEV,post_CE,75,FAQ023,1,1
DEV,pre_CE,10,FAQ025,1,1
DEV,pre_CE,20,FAQ025,1,1
DEV,pre_CE,30,FAQ025,1,1
DEV,pre_CE,40,FAQ025,1,1
DEV,pre_CE,50,FAQ025,1,1
DEV,pre_CE,60,FAQ025,1,1
DEV,pre_CE,70,FAQ025,1,1
DEV,pre_CE,75,FAQ025,1,1
DEV,post_CE,10,FAQ025,1,1
DEV,post_CE,20,FAQ025,1,1
DEV,post_CE,30,FAQ025,1,1
DEV,post_CE,40,FAQ025,1,1
DEV,post_CE,50,FAQ025,1,1
DEV,post_CE,60,FAQ025,1,1
DEV,post_CE,70,FAQ025,1,1
DEV,post_CE,75,FAQ025,1,1
DEV,pre_CE,10,FAQ028,0,1
DEV,pre_CE,20,FAQ028,0,1
DEV,pre_CE,30,FAQ028,0,1
DEV,pre_CE,40,FAQ028,0,1
DEV,pre_CE,50,FAQ028,0,1
DEV,pre_CE,60,FAQ028,0,1
DEV,pre_CE,70,FAQ028,1,1
DEV,pre_CE,75,FAQ028,1,1
DEV,post_CE,10,FAQ028,0,1
DEV,post_CE,20,FAQ028,0,1
DEV,post_CE,30,FAQ028,0,1
DEV,post_CE,40,FAQ028,1,1
DEV,post_CE,50,FAQ028,1,1
DEV,post_CE,60,FAQ028,1,1
DEV,post_CE,70,FAQ028,1,1
DEV,post_CE,75,FAQ028,1,1
DEV,pre_CE,10,FAQ031,0,1
DEV,pre_CE,20,FAQ031,1,1
DEV,pre_CE,30,FAQ031,1,1
DEV,pre_CE,40,FAQ031,1,1
DEV,pre_CE,50,FAQ031,1,1
DEV,pre_CE,60,FAQ031,1,1
DEV,pre_CE,70,FAQ031,1,1
DEV,pre_CE,75,FAQ031,1,1
DEV,post_CE,10,FAQ031,0,1
DEV,post_CE,20,FAQ031,1,1
DEV,post_CE,30,FAQ031,1,1
DEV,post_CE,40,FAQ031,1,1
DEV,post_CE,50,FAQ031,1,1
DEV,post_CE,60,FAQ031,1,1
DEV,post_CE,70,FAQ031,1,1
DEV,post_CE,75,FAQ031,1,1
DEV,pre_CE,10,FAQ033,0,1
DEV,pre_CE,20,FAQ033,0,1
DEV,pre_CE,30,FAQ033,0,1
DEV,pre_CE,40,FAQ033,0,1
DEV,pre_CE,50,FAQ033,0,1
DEV,pre_CE,60,FAQ033,0,1
DEV,pre_CE,70,FAQ033,0,1
DEV,pre_CE,75,FAQ033,0,1
DEV,post_CE,10,FAQ033,0,1
DEV,post_CE,20,FAQ033,0,1
DEV,post_CE,30,FAQ033,0,1
DEV,post_CE,40,FAQ033,0,1
DEV,post_CE,50,FAQ033,0,1
DEV,post_CE,60,FAQ033,0,1
DEV,post_CE,70,FAQ033,0,1
DEV,post_CE,75,FAQ033,0,1
DEV,pre_CE,10,FAQ036,1,1
DEV,pre_CE,20,FAQ036,1,1
DEV,pre_CE,30,FAQ036,1,1
DEV,pre_CE,40,FAQ036,1,1
DEV,pre_CE,50,FAQ036,1,1
DEV,pre_CE,60,FAQ036,1,1
DEV,pre_CE,70,FAQ036,1,1
DEV,pre_CE,75,FAQ036,1,1
DEV,post_CE,10,FAQ036,1,1
DEV,post_CE,20,FAQ036,1,1
DEV,post_CE,30,FAQ036,1,1
DEV,post_CE,40,FAQ036,1,1
DEV,post_CE,50,FAQ036,1,1
DEV,post_CE,60,FAQ036,1,1
DEV,post_CE,70,FAQ036,1,1
DEV,post_CE,75,FAQ036,1,1
DEV,pre_CE,10,FAQ038,1,1
DEV,pre_CE,20,FAQ038,1,1
DEV,pre_CE,30,FAQ038,1,1
DEV,pre_CE,40,FAQ038,1,1
DEV,pre_CE,50,FAQ038,1,1
DEV,pre_CE,60,FAQ038,1,1
DEV,pre_CE,70,FAQ038,1,1
DEV,pre_CE,75,FAQ038,1,1
DEV,post_CE,10,FAQ038,1,1
DEV,post_CE,20,FAQ038,1,1
DEV,post_CE,30,FAQ038,1,1
DEV,post_CE,40,FAQ038,1,1
DEV,post_CE,50,FAQ038,1,1
DEV,post_CE,60,FAQ038,1,1
DEV,post_CE,70,FAQ038,1,1
DEV,post_CE,75,FAQ038,1,1
DEV,pre_CE,10,FAQ040,1,1
DEV,pre_CE,20,FAQ040,1,1
DEV,pre_CE,30,FAQ040,1,1
DEV,pre_CE,40,FAQ040,1,1
DEV,pre_CE,50,FAQ040,1,1
DEV,pre_CE,60,FAQ040,1,1
DEV,pre_CE,70,FAQ040,1,1
DEV,pre_CE,75,FAQ040,1,1
DEV,post_CE,10,FAQ040,1,1
DEV,post_CE,20,FAQ040,1,1
DEV,post_CE,30,FAQ040,1,1
DEV,post_CE,40,FAQ040,1,1
DEV,post_CE,50,FAQ040,1,1
DEV,post_CE,60,FAQ040,1,1
DEV,post_CE,70,FAQ040,1,1
DEV,post_CE,75,FAQ040,1,1
DEV,pre_CE,10,FAQ042,1,1
DEV,pre_CE,20,FAQ042,1,1
DEV,pre_CE,30,FAQ042,1,1
DEV,pre_CE,40,FAQ042,1,1
DEV,pre_CE,50,FAQ042,1,1
DEV,pre_CE,60,FAQ042,1,1
DEV,pre_CE,70,FAQ042,1,1
DEV,pre_CE,75,FAQ042,1,1
DEV,post_CE,10,FAQ042,1,1
DEV,post_CE,20,FAQ042,1,1
DEV,post_CE,30,FAQ042,1,1
DEV,post_CE,40,FAQ042,1,1
DEV,post_CE,50,FAQ042,1,1
DEV,post_CE,60,FAQ042,1,1
DEV,post_CE,70,FAQ042,1,1
DEV,post_CE,75,FAQ042,1,1
DEV,pre_CE,10,FAQ043,1,1
DEV,pre_CE,20,FAQ043,1,1
DEV,pre_CE,30,FAQ043,1,1
DEV,pre_CE,40,FAQ043,1,1
DEV,pre_CE,50,FAQ043,1,1
DEV,pre_CE,60,FAQ043,1,1
DEV,pre_CE,70,FAQ043,1,1
DEV,pre_CE,75,FAQ043,1,1
DEV,post_CE,10,FAQ043,1,1
DEV,post_CE,20,FAQ043,1,1
DEV,post_CE,30,FAQ043,1,1
DEV,post_CE,40,FAQ043,1,1
DEV,post_CE,50,FAQ043,1,1
DEV,post_CE,60,FAQ043,1,1
DEV,post_CE,70,FAQ043,1,1
DEV,post_CE,75,FAQ043,1,1
DEV,pre_CE,10,FAQ045,1,1
DEV,pre_CE,20,FAQ045,1,1
DEV,pre_CE,30,FAQ045,1,1
DEV,pre_CE,40,FAQ045,1,1
DEV,pre_CE,50,FAQ045,1,1
DEV,pre_CE,60,FAQ045,1,1
DEV,pre_CE,70,FAQ045,1,1
DEV,pre_CE,75,FAQ045,1,1
DEV,post_CE,10,FAQ045,1,1
DEV,post_CE,20,FAQ045,1,1
DEV,post_CE,30,FAQ045,1,1
DEV,post_CE,40,FAQ045,1,1
DEV,post_CE,50,FAQ045,1,1
DEV,post_CE,60,FAQ045,1,1
DEV,post_CE,70,FAQ045,1,1
DEV,post_CE,75,FAQ045,1,1
DEV,pre_CE,10,FAQ046,1,1
DEV,pre_CE,20,FAQ046,1,1
DEV,pre_CE,30,FAQ046,1,1
DEV,pre_CE,40,FAQ046,1,1
DEV,pre_CE,50,FAQ046,1,1
DEV,pre_CE,60,FAQ046,1,1
DEV,pre_CE,70,FAQ046,1,1
DEV,pre_CE,75,FAQ046,1,1
DEV,post_CE,10,FAQ046,1,1
DEV,post_CE,20,FAQ046,1,1
DEV,post_CE,30,FAQ046,1,1
DEV,post_CE,40,FAQ046,1,1
DEV,post_CE,50,FAQ046,1,1
DEV,post_CE,60,FAQ046,1,1
DEV,post_CE,70,FAQ046,1,1
DEV,post_CE,75,FAQ046,1,1
DEV,pre_CE,10,FAQ051,0,1
DEV,pre_CE,20,FAQ051,0,1
DEV,pre_CE,30,FAQ051,0,1
DEV,pre_CE,40,FAQ051,0,1
DEV,pre_CE,50,FAQ051,0,1
DEV,pre_CE,60,FAQ051,0,1
DEV,pre_CE,70,FAQ051,1,1
DEV,pre_CE,75,FAQ051,1,1
DEV,post_CE,10,FAQ051,1,1
DEV,post_CE,20,FAQ051,1,1
DEV,post_CE,30,FAQ051,1,1
DEV,post_CE,40,FAQ051,1,1
DEV,post_CE,50,FAQ051,1,1
DEV,post_CE,60,FAQ051,1,1
DEV,post_CE,70,FAQ051,1,1
DEV,post_CE,75,FAQ051,1,1
DEV,pre_CE,10,FAQ052,1,1
DEV,pre_CE,20,FAQ052,1,1
DEV,pre_CE,30,FAQ052,1,1
DEV,pre_CE,40,FAQ052,1,1
DEV,pre_CE,50,FAQ052,1,1
DEV,pre_CE,60,FAQ052,1,1
DEV,pre_CE,70,FAQ052,1,1
DEV,pre_CE,75,FAQ052,1,1
DEV,post_CE,10,FAQ052,1,1
DEV,post_CE,20,FAQ052,1,1
DEV,post_CE,30,FAQ052,1,1
DEV,post_CE,40,FAQ052,1,1
DEV,post_CE,50,FAQ052,1,1
DEV,post_CE,60,FAQ052,1,1
DEV,post_CE,70,FAQ052,1,1
DEV,post_CE,75,FAQ052,1,1
DEV,pre_CE,10,FAQ053,0,1
DEV,pre_CE,20,FAQ053,1,1
DEV,pre_CE,30,FAQ053,1,1
DEV,pre_CE,40,FAQ053,1,1
DEV,pre_CE,50,FAQ053,1,1
DEV,pre_CE,60,FAQ053,1,1
DEV,pre_CE,70,FAQ053,1,1
DEV,pre_CE,75,FAQ053,1,1
DEV,post_CE,10,FAQ053,1,1
DEV,post_CE,20,FAQ053,1,1
DEV,post_CE,30,FAQ053,1,1
DEV,post_CE,40,FAQ053,1,1
DEV,post_CE,50,FAQ053,1,1
DEV,post_CE,60,FAQ053,1,1
DEV,post_CE,70,FAQ053,1,1
DEV,post_CE,75,FAQ053,1,1
DEV,pre_CE,10,FAQ054,0,1
DEV,pre_CE,20,FAQ054,0,1
DEV,pre_CE,30,FAQ054,0,1
DEV,pre_CE,40,FAQ054,0,1
DEV,pre_CE,50,FAQ054,0,1
DEV,pre_CE,60,FAQ054,0,1
DEV,pre_CE,70,FAQ054,0,1
DEV,pre_CE,75,FAQ054,1,1
DEV,post_CE,10,FAQ054,1,1
DEV,post_CE,20,FAQ054,1,1
DEV,post_CE,30,FAQ054,1,1
DEV,post_CE,40,FAQ054,1,1
DEV,post_CE,50,FAQ054,1,1
DEV,post_CE,60,FAQ054,1,1
DEV,post_CE,70,FAQ054,1,1
DEV,post_CE,75,FAQ054,1,1
DEV,pre_CE,10,FAQ055,0,1
DEV,pre_CE,20,FAQ055,0,1
DEV,pre_CE,30,FAQ055,0,1
DEV,pre_CE,40,FAQ055,0,1
DEV,pre_CE,50,FAQ055,0,1
DEV,pre_CE,60,FAQ055,0,1
DEV,pre_CE,70,FAQ055,0,1
DEV,pre_CE,75,FAQ055,0,1
DEV,post_CE,10,FAQ055,0,1
DEV,post_CE,20,FAQ055,0,1
DEV,post_CE,30,FAQ055,0,1
DEV,post_CE,40,FAQ055,0,1
DEV,post_CE,50,FAQ055,0,1
DEV,post_CE,60,FAQ055,0,1
DEV,post_CE,70,FAQ055,0,1
DEV,post_CE,75,FAQ055,0,1
DEV,pre_CE,10,FAQ058,0,1
DEV,pre_CE,20,FAQ058,0,1
DEV,pre_CE,30,FAQ058,0,1
DEV,pre_CE,40,FAQ058,0,1
DEV,pre_CE,50,FAQ058,0,1
DEV,pre_CE,60,FAQ058,0,1
DEV,pre_CE,70,FAQ058,0,1
DEV,pre_CE,75,FAQ058,0,1
DEV,post_CE,10,FAQ058,0,1
DEV,post_CE,20,FAQ058,0,1
DEV,post_CE,30,FAQ058,0,1
DEV,post_CE,40,FAQ058,0,1
DEV,post_CE,50,FAQ058,0,1
DEV,post_CE,60,FAQ058,0,1
DEV,post_CE,70,FAQ058,0,1
DEV,post_CE,75,FAQ058,0,1
DEV,pre_CE,10,FAQ059,1,1
DEV,pre_CE,20,FAQ059,1,1
DEV,pre_CE,30,FAQ059,1,1
DEV,pre_CE,40,FAQ059,1,1
DEV,pre_CE,50,FAQ059,1,1
DEV,pre_CE,60,FAQ059,1,1
DEV,pre_CE,70,FAQ059,1,1
DEV,pre_CE,75,FAQ059,1,1
DEV,post_CE,10,FAQ059,0,1
DEV,post_CE,20,FAQ059,0,1
DEV,post_CE,30,FAQ059,0,1
DEV,post_CE,40,FAQ059,0,1
DEV,post_CE,50,FAQ059,0,1
DEV,post_CE,60,FAQ059,1,1
DEV,post_CE,70,FAQ059,1,1
DEV,post_CE,75,FAQ059,1,1
DEV,pre_CE,10,FAQ063,0,1
DEV,pre_CE,20,FAQ063,1,1
DEV,pre_CE,30,FAQ063,1,1
DEV,pre_CE,40,FAQ063,1,1
DEV,pre_CE,50,FAQ063,1,1
DEV,pre_CE,60,FAQ063,1,1
DEV,pre_CE,70,FAQ063,1,1
DEV,pre_CE,75,FAQ063,1,1
DEV,post_CE,10,FAQ063,0,1
DEV,post_CE,20,FAQ063,0,1
DEV,post_CE,30,FAQ063,0,1
DEV,post_CE,40,FAQ063,1,1
DEV,post_CE,50,FAQ063,1,1
DEV,post_CE,60,FAQ063,1,1
DEV,post_CE,70,FAQ063,1,1
DEV,post_CE,75,FAQ063,1,1
DEV,pre_CE,10,FAQ070,0,1
DEV,pre_CE,20,FAQ070,0,1
DEV,pre_CE,30,FAQ070,1,1
DEV,pre_CE,40,FAQ070,1,1
DEV,pre_CE,50,FAQ070,1,1
DEV,pre_CE,60,FAQ070,1,1
DEV,pre_CE,70,FAQ070,1,1
DEV,pre_CE,75,FAQ070,1,1
DEV,post_CE,10,FAQ070,1,1
DEV,post_CE,20,FAQ070,1,1
DEV,post_CE,30,FAQ070,1,1
DEV,post_CE,40,FAQ070,1,1
DEV,post_CE,50,FAQ070,1,1
DEV,post_CE,60,FAQ070,1,1
DEV,post_CE,70,FAQ070,1,1
DEV,post_CE,75,FAQ070,1,1
DEV,pre_CE,10,FAQ071,0,1
DEV,pre_CE,20,FAQ071,0,1
DEV,pre_CE,30,FAQ071,0,1
DEV,pre_CE,40,FAQ071,0,1
DEV,pre_CE,50,FAQ071,0,1
DEV,pre_CE,60,FAQ071,0,1
DEV,pre_CE,70,FAQ071,0,1
DEV,pre_CE,75,FAQ071,0,1
DEV,post_CE,10,FAQ071,0,1
DEV,post_CE,20,FAQ071,0,1
DEV,post_CE,30,FAQ071,0,1
DEV,post_CE,40,FAQ071,0,1
DEV,post_CE,50,FAQ071,0,1
DEV,post_CE,60,FAQ071,0,1
DEV,post_CE,70,FAQ071,0,1
DEV,post_CE,75,FAQ071,0,1
DEV,pre_CE,10,FAQ075,0,1
DEV,pre_CE,20,FAQ075,1,1
DEV,pre_CE,30,FAQ075,1,1
DEV,pre_CE,40,FAQ075,1,1
DEV,pre_CE,50,FAQ075,1,1
DEV,pre_CE,60,FAQ075,1,1
DEV,pre_CE,70,FAQ075,1,1
DEV,pre_CE,75,FAQ075,1,1
DEV,post_CE,10,FAQ075,0,1
DEV,post_CE,20,FAQ075,1,1
DEV,post_CE,30,FAQ075,1,1
DEV,post_CE,40,FAQ075,1,1
DEV,post_CE,50,FAQ075,1,1
DEV,post_CE,60,FAQ075,1,1
DEV,post_CE,70,FAQ075,1,1
DEV,post_CE,75,FAQ075,1,1
DEV,pre_CE,10,FAQ078,0,1
DEV,pre_CE,20,FAQ078,1,1
DEV,pre_CE,30,FAQ078,1,1
DEV,pre_CE,40,FAQ078,1,1
DEV,pre_CE,50,FAQ078,1,1
DEV,pre_CE,60,FAQ078,1,1
DEV,pre_CE,70,FAQ078,1,1
DEV,pre_CE,75,FAQ078,1,1
DEV,post_CE,10,FAQ078,0,1
DEV,post_CE,20,FAQ078,1,1
DEV,post_CE,30,FAQ078,1,1
DEV,post_CE,40,FAQ078,1,1
DEV,post_CE,50,FAQ078,1,1
DEV,post_CE,60,FAQ078,1,1
DEV,post_CE,70,FAQ078,1,1
DEV,post_CE,75,FAQ078,1,1
DEV,pre_CE,10,FAQ080,0,1
DEV,pre_CE,20,FAQ080,1,1
DEV,pre_CE,30,FAQ080,1,1
DEV,pre_CE,40,FAQ080,1,1
DEV,pre_CE,50,FAQ080,1,1
DEV,pre_CE,60,FAQ080,1,1
DEV,pre_CE,70,FAQ080,1,1
DEV,pre_CE,75,FAQ080,1,1
DEV,post_CE,10,FAQ080,1,1
DEV,post_CE,20,FAQ080,1,1
DEV,post_CE,30,FAQ080,1,1
DEV,post_CE,40,FAQ080,1,1
DEV,post_CE,50,FAQ080,1,1
DEV,post_CE,60,FAQ080,1,1
DEV,post_CE,70,FAQ080,1,1
DEV,post_CE,75,FAQ080,1,1
DEV,pre_CE,10,FAQ081,0,1
DEV,pre_CE,20,FAQ081,1,1
DEV,pre_CE,30,FAQ081,1,1
DEV,pre_CE,40,FAQ081,1,1
DEV,pre_CE,50,FAQ081,1,1
DEV,pre_CE,60,FAQ081,1,1
DEV,pre_CE,70,FAQ081,1,1
DEV,pre_CE,75,FAQ081,1,1
DEV,post_CE,10,FAQ081,1,1
DEV,post_CE,20,FAQ081,1,1
DEV,post_CE,30,FAQ081,1,1
DEV,post_CE,40,FAQ081,1,1
DEV,post_CE,50,FAQ081,1,1
DEV,post_CE,60,FAQ081,1,1
DEV,post_CE,70,FAQ081,1,1
DEV,post_CE,75,FAQ081,1,1
DEV,pre_CE,10,EXP_PPN002,0,2
DEV,pre_CE,20,EXP_PPN002,0,2
DEV,pre_CE,30,EXP_PPN002,1,2
DEV,pre_CE,40,EXP_PPN002,1,2
DEV,pre_CE,50,EXP_PPN002,1,2
DEV,pre_CE,60,EXP_PPN002,2,2
DEV,pre_CE,70,EXP_PPN002,2,2
DEV,pre_CE,75,EXP_PPN002,2,2
DEV,post_CE,10,EXP_PPN002,1,2
DEV,post_CE,20,EXP_PPN002,2,2
DEV,post_CE,30,EXP_PPN002,2,2
DEV,post_CE,40,EXP_PPN002,2,2
DEV,post_CE,50,EXP_PPN002,2,2
DEV,post_CE,60,EXP_PPN002,2,2
DEV,post_CE,70,EXP_PPN002,2,2
DEV,post_CE,75,EXP_PPN002,2,2
DEV,pre_CE,10,EXP_PPN004,1,1
DEV,pre_CE,20,EXP_PPN004,1,1
DEV,pre_CE,30,EXP_PPN004,1,1
DEV,pre_CE,40,EXP_PPN004,1,1
DEV,pre_CE,50,EXP_PPN004,1,1
DEV,pre_CE,60,EXP_PPN004,1,1
DEV,pre_CE,70,EXP_PPN004,1,1
DEV,pre_CE,75,EXP_PPN004,1,1
DEV,post_CE,10,EXP_PPN004,1,1
DEV,post_CE,20,EXP_PPN004,1,1
DEV,post_CE,30,EXP_PPN004,1,1
DEV,post_CE,40,EXP_PPN004,1,1
DEV,post_CE,50,EXP_PPN004,1,1
DEV,post_CE,60,EXP_PPN004,1,1
DEV,post_CE,70,EXP_PPN004,1,1
DEV,post_CE,75,EXP_PPN004,1,1
DEV,pre_CE,10,EXP_PPN005,1,1
DEV,pre_CE,20,EXP_PPN005,1,1
DEV,pre_CE,30,EXP_PPN005,1,1
DEV,pre_CE,40,EXP_PPN005,1,1
DEV,pre_CE,50,EXP_PPN005,1,1
DEV,pre_CE,60,EXP_PPN005,1,1
DEV,pre_CE,70,EXP_PPN005,1,1
DEV,pre_CE,75,EXP_PPN005,1,1
DEV,post_CE,10,EXP_PPN005,1,1
DEV,post_CE,20,EXP_PPN005,1,1
DEV,post_CE,30,EXP_PPN005,1,1
DEV,post_CE,40,EXP_PPN005,1,1
DEV,post_CE,50,EXP_PPN005,1,1
DEV,post_CE,60,EXP_PPN005,1,1
DEV,post_CE,70,EXP_PPN005,1,1
DEV,post_CE,75,EXP_PPN005,1,1
DEV,pre_CE,10,EXP_PPN008,0,2
DEV,pre_CE,20,EXP_PPN008,0,2
DEV,pre_CE,30,EXP_PPN008,1,2
DEV,pre_CE,40,EXP_PPN008,2,2
DEV,pre_CE,50,EXP_PPN008,2,2
DEV,pre_CE,60,EXP_PPN008,2,2
DEV,pre_CE,70,EXP_PPN008,2,2
DEV,pre_CE,75,EXP_PPN008,2,2
DEV,post_CE,10,EXP_PPN008,2,2
DEV,post_CE,20,EXP_PPN008,2,2
DEV,post_CE,30,EXP_PPN008,2,2
DEV,post_CE,40,EXP_PPN008,2,2
DEV,post_CE,50,EXP_PPN008,2,2
DEV,post_CE,60,EXP_PPN008,2,2
DEV,post_CE,70,EXP_PPN008,2,2
DEV,post_CE,75,EXP_PPN008,2,2
DEV,pre_CE,10,EXP_REG001,2,2
DEV,pre_CE,20,EXP_REG001,2,2
DEV,pre_CE,30,EXP_REG001,2,2
DEV,pre_CE,40,EXP_REG001,2,2
DEV,pre_CE,50,EXP_REG001,2,2
DEV,pre_CE,60,EXP_REG001,2,2
DEV,pre_CE,70,EXP_REG001,2,2
DEV,pre_CE,75,EXP_REG001,2,2
DEV,post_CE,10,EXP_REG001,1,2
DEV,post_CE,20,EXP_REG001,1,2
DEV,post_CE,30,EXP_REG001,2,2
DEV,post_CE,40,EXP_REG001,2,2
DEV,post_CE,50,EXP_REG001,2,2
DEV,post_CE,60,EXP_REG001,2,2
DEV,post_CE,70,EXP_REG001,2,2
DEV,post_CE,75,EXP_REG001,2,2
DEV,pre_CE,10,EXP_REG002,2,2
DEV,pre_CE,20,EXP_REG002,2,2
DEV,pre_CE,30,EXP_REG002,2,2
DEV,pre_CE,40,EXP_REG002,2,2
DEV,pre_CE,50,EXP_REG002,2,2
DEV,pre_CE,60,EXP_REG002,2,2
DEV,pre_CE,70,EXP_REG002,2,2
DEV,pre_CE,75,EXP_REG002,2,2
DEV,post_CE,10,EXP_REG002,2,2
DEV,post_CE,20,EXP_REG002,2,2
DEV,post_CE,30,EXP_REG002,2,2
DEV,post_CE,40,EXP_REG002,2,2
DEV,post_CE,50,EXP_REG002,2,2
DEV,post_CE,60,EXP_REG002,2,2
DEV,post_CE,70,EXP_REG002,2,2
DEV,post_CE,75,EXP_REG002,2,2
DEV,pre_CE,10,EXP_REG003,2,2
DEV,pre_CE,20,EXP_REG003,2,2
DEV,pre_CE,30,EXP_REG003,2,2
DEV,pre_CE,40,EXP_REG003,2,2
DEV,pre_CE,50,EXP_REG003,2,2
DEV,pre_CE,60,EXP_REG003,2,2
DEV,pre_CE,70,EXP_REG003,2,2
DEV,pre_CE,75,EXP_REG003,2,2
DEV,post_CE,10,EXP_REG003,2,2
DEV,post_CE,20,EXP_REG003,2,2
DEV,post_CE,30,EXP_REG003,2,2
DEV,post_CE,40,EXP_REG003,2,2
DEV,post_CE,50,EXP_REG003,2,2
DEV,post_CE,60,EXP_REG003,2,2
DEV,post_CE,70,EXP_REG003,2,2
DEV,post_CE,75,EXP_REG003,2,2
DEV,pre_CE,10,EXP_REG004,0,2
DEV,pre_CE,20,EXP_REG004,0,2
DEV,pre_CE,30,EXP_REG004,0,2
DEV,pre_CE,40,EXP_REG004,1,2
DEV,pre_CE,50,EXP_REG004,1,2
DEV,pre_CE,60,EXP_REG004,1,2
DEV,pre_CE,70,EXP_REG004,1,2
DEV,pre_CE,75,EXP_REG004,1,2
DEV,post_CE,10,EXP_REG004,1,2
DEV,post_CE,20,EXP_REG004,1,2
DEV,post_CE,30,EXP_REG004,1,2
DEV,post_CE,40,EXP_REG004,1,2
DEV,post_CE,50,EXP_REG004,1,2
DEV,post_CE,60,EXP_REG004,1,2
DEV,post_CE,70,EXP_REG004,1,2
DEV,post_CE,75,EXP_REG004,1,2
DEV,pre_CE,10,EXP_GUID005,1,2
DEV,pre_CE,20,EXP_GUID005,1,2
DEV,pre_CE,30,EXP_GUID005,1,2
DEV,pre_CE,40,EXP_GUID005,2,2
DEV,pre_CE,50,EXP_GUID005,2,2
DEV,pre_CE,60,EXP_GUID005,2,2
DEV,pre_CE,70,EXP_GUID005,2,2
DEV,pre_CE,75,EXP_GUID005,2,2
DEV,post_CE,10,EXP_GUID005,2,2
DEV,post_CE,20,EXP_GUID005,2,2
DEV,post_CE,30,EXP_GUID005,2,2
DEV,post_CE,40,EXP_GUID005,2,2
DEV,post_CE,50,EXP_GUID005,2,2
DEV,post_CE,60,EXP_GUID005,2,2
DEV,post_CE,70,EXP_GUID005,2,2
DEV,post_CE,75,EXP_GUID005,2,2
DEV,pre_CE,10,EXP_GUID006,1,2
DEV,pre_CE,20,EXP_GUID006,1,2
DEV,pre_CE,30,EXP_GUID006,1,2
DEV,pre_CE,40,EXP_GUID006,1,2
DEV,pre_CE,50,EXP_GUID006,1,2
DEV,pre_CE,60,EXP_GUID006,2,2
DEV,pre_CE,70,EXP_GUID006,2,2
DEV,pre_CE,75,EXP_GUID006,2,2
DEV,post_CE,10,EXP_GUID006,1,2
DEV,post_CE,20,EXP_GUID006,1,2
DEV,post_CE,30,EXP_GUID006,1,2
DEV,post_CE,40,EXP_GUID006,1,2
DEV,post_CE,50,EXP_GUID006,1,2
DEV,post_CE,60,EXP_GUID006,1,2
DEV,post_CE,70,EXP_GUID006,2,2
DEV,post_CE,75,EXP_GUID006,2,2
DEV,pre_CE,10,EXP_GUID007,2,2
DEV,pre_CE,20,EXP_GUID007,2,2
DEV,pre_CE,30,EXP_GUID007,2,2
DEV,pre_CE,40,EXP_GUID007,2,2
DEV,pre_CE,50,EXP_GUID007,2,2
DEV,pre_CE,60,EXP_GUID007,2,2
DEV,pre_CE,70,EXP_GUID007,2,2
DEV,pre_CE,75,EXP_GUID007,2,2
DEV,post_CE,10,EXP_GUID007,2,2
DEV,post_CE,20,EXP_GUID007,2,2
DEV,post_CE,30,EXP_GUID007,2,2
DEV,post_CE,40,EXP_GUID007,2,2
DEV,post_CE,50,EXP_GUID007,2,2
DEV,post_CE,60,EXP_GUID007,2,2
DEV,post_CE,70,EXP_GUID007,2,2
DEV,post_CE,75,EXP_GUID007,2,2
DEV,pre_CE,10,EXP_GUID009,2,2
DEV,pre_CE,20,EXP_GUID009,2,2
DEV,pre_CE,30,EXP_GUID009,2,2
DEV,pre_CE,40,EXP_GUID009,2,2
DEV,pre_CE,50,EXP_GUID009,2,2
DEV,pre_CE,60,EXP_GUID009,2,2
DEV,pre_CE,70,EXP_GUID009,2,2
DEV,pre_CE,75,EXP_GUID009,2,2
DEV,post_CE,10,EXP_GUID009,1,2
DEV,post_CE,20,EXP_GUID009,2,2
DEV,post_CE,30,EXP_GUID009,2,2
DEV,post_CE,40,EXP_GUID009,2,2
DEV,post_CE,50,EXP_GUID009,2,2
DEV,post_CE,60,EXP_GUID009,2,2
DEV,post_CE,70,EXP_GUID009,2,2
DEV,post_CE,75,EXP_GUID009,2,2
DEV,pre_CE,10,EXP_GUID010,2,2
DEV,pre_CE,20,EXP_GUID010,2,2
DEV,pre_CE,30,EXP_GUID010,2,2
DEV,pre_CE,40,EXP_GUID010,2,2
DEV,pre_CE,50,EXP_GUID010,2,2
DEV,pre_CE,60,EXP_GUID010,2,2
DEV,pre_CE,70,EXP_GUID010,2,2
DEV,pre_CE,75,EXP_GUID010,2,2
DEV,post_CE,10,EXP_GUID010,2,2
DEV,post_CE,20,EXP_GUID010,2,2
DEV,post_CE,30,EXP_GUID010,2,2
DEV,post_CE,40,EXP_GUID010,2,2
DEV,post_CE,50,EXP_GUID010,2,2
DEV,post_CE,60,EXP_GUID010,2,2
DEV,post_CE,70,EXP_GUID010,2,2
DEV,post_CE,75,EXP_GUID010,2,2
DEV,pre_CE,10,EXP_GUID011,1,1
DEV,pre_CE,20,EXP_GUID011,1,1
DEV,pre_CE,30,EXP_GUID011,1,1
DEV,pre_CE,40,EXP_GUID011,1,1
DEV,pre_CE,50,EXP_GUID011,1,1
DEV,pre_CE,60,EXP_GUID011,1,1
DEV,pre_CE,70,EXP_GUID011,1,1
DEV,pre_CE,75,EXP_GUID011,1,1
DEV,post_CE,10,EXP_GUID011,1,1
DEV,post_CE,20,EXP_GUID011,1,1
DEV,post_CE,30,EXP_GUID011,1,1
DEV,post_CE,40,EXP_GUID011,1,1
DEV,post_CE,50,EXP_GUID011,1,1
DEV,post_CE,60,EXP_GUID011,1,1
DEV,post_CE,70,EXP_GUID011,1,1
DEV,post_CE,75,EXP_GUID011,1,1
DEV,pre_CE,10,EXP_WORK002,1,2
DEV,pre_CE,20,EXP_WORK002,1,2
DEV,pre_CE,30,EXP_WORK002,2,2
DEV,pre_CE,40,EXP_WORK002,2,2
DEV,pre_CE,50,EXP_WORK002,2,2
DEV,pre_CE,60,EXP_WORK002,2,2
DEV,pre_CE,70,EXP_WORK002,2,2
DEV,pre_CE,75,EXP_WORK002,2,2
DEV,post_CE,10,EXP_WORK002,1,2
DEV,post_CE,20,EXP_WORK002,1,2
DEV,post_CE,30,EXP_WORK002,1,2
DEV,post_CE,40,EXP_WORK002,1,2
DEV,post_CE,50,EXP_WORK002,1,2
DEV,post_CE,60,EXP_WORK002,2,2
DEV,post_CE,70,EXP_WORK002,2,2
DEV,post_CE,75,EXP_WORK002,2,2
DEV,pre_CE,10,EXP_WORK003,1,2
DEV,pre_CE,20,EXP_WORK003,1,2
DEV,pre_CE,30,EXP_WORK003,1,2
DEV,pre_CE,40,EXP_WORK003,1,2
DEV,pre_CE,50,EXP_WORK003,1,2
DEV,pre_CE,60,EXP_WORK003,1,2
DEV,pre_CE,70,EXP_WORK003,1,2
DEV,pre_CE,75,EXP_WORK003,1,2
DEV,post_CE,10,EXP_WORK003,1,2
DEV,post_CE,20,EXP_WORK003,1,2
DEV,post_CE,30,EXP_WORK003,1,2
DEV,post_CE,40,EXP_WORK003,1,2
DEV,post_CE,50,EXP_WORK003,1,2
DEV,post_CE,60,EXP_WORK003,1,2
DEV,post_CE,70,EXP_WORK003,1,2
DEV,post_CE,75,EXP_WORK003,1,2
DEV,pre_CE,10,EXP_WORK004,0,2
DEV,pre_CE,20,EXP_WORK004,2,2
DEV,pre_CE,30,EXP_WORK004,2,2
DEV,pre_CE,40,EXP_WORK004,2,2
DEV,pre_CE,50,EXP_WORK004,2,2
DEV,pre_CE,60,EXP_WORK004,2,2
DEV,pre_CE,70,EXP_WORK004,2,2
DEV,pre_CE,75,EXP_WORK004,2,2
DEV,post_CE,10,EXP_WORK004,2,2
DEV,post_CE,20,EXP_WORK004,2,2
DEV,post_CE,30,EXP_WORK004,2,2
DEV,post_CE,40,EXP_WORK004,2,2
DEV,post_CE,50,EXP_WORK004,2,2
DEV,post_CE,60,EXP_WORK004,2,2
DEV,post_CE,70,EXP_WORK004,2,2
DEV,post_CE,75,EXP_WORK004,2,2
DEV,pre_CE,10,EXP_WORK008,1,1
DEV,pre_CE,20,EXP_WORK008,1,1
DEV,pre_CE,30,EXP_WORK008,1,1
DEV,pre_CE,40,EXP_WORK008,1,1
DEV,pre_CE,50,EXP_WORK008,1,1
DEV,pre_CE,60,EXP_WORK008,1,1
DEV,pre_CE,70,EXP_WORK008,1,1
DEV,pre_CE,75,EXP_WORK008,1,1
DEV,post_CE,10,EXP_WORK008,1,1
DEV,post_CE,20,EXP_WORK008,1,1
DEV,post_CE,30,EXP_WORK008,1,1
DEV,post_CE,40,EXP_WORK008,1,1
DEV,post_CE,50,EXP_WORK008,1,1
DEV,post_CE,60,EXP_WORK008,1,1
DEV,post_CE,70,EXP_WORK008,1,1
DEV,post_CE,75,EXP_WORK008,1,1
DEV,pre_CE,10,EXP_TRANS001,2,2
DEV,pre_CE,20,EXP_TRANS001,2,2
DEV,pre_CE,30,EXP_TRANS001,2,2
DEV,pre_CE,40,EXP_TRANS001,2,2
DEV,pre_CE,50,EXP_TRANS001,2,2
DEV,pre_CE,60,EXP_TRANS001,2,2
DEV,pre_CE,70,EXP_TRANS001,2,2
DEV,pre_CE,75,EXP_TRANS001,2,2
DEV,post_CE,10,EXP_TRANS001,2,2
DEV,post_CE,20,EXP_TRANS001,2,2
DEV,post_CE,30,EXP_TRANS001,2,2
DEV,post_CE,40,EXP_TRANS001,2,2
DEV,post_CE,50,EXP_TRANS001,2,2
DEV,post_CE,60,EXP_TRANS001,2,2
DEV,post_CE,70,EXP_TRANS001,2,2
DEV,post_CE,75,EXP_TRANS001,2,2
DEV,pre_CE,10,EXP_TRANS005,1,1
DEV,pre_CE,20,EXP_TRANS005,1,1
DEV,pre_CE,30,EXP_TRANS005,1,1
DEV,pre_CE,40,EXP_TRANS005,1,1
DEV,pre_CE,50,EXP_TRANS005,1,1
DEV,pre_CE,60,EXP_TRANS005,1,1
DEV,pre_CE,70,EXP_TRANS005,1,1
DEV,pre_CE,75,EXP_TRANS005,1,1
DEV,post_CE,10,EXP_TRANS005,1,1
DEV,post_CE,20,EXP_TRANS005,1,1
DEV,post_CE,30,EXP_TRANS005,1,1
DEV,post_CE,40,EXP_TRANS005,1,1
DEV,post_CE,50,EXP_TRANS005,1,1
DEV,post_CE,60,EXP_TRANS005,1,1
DEV,post_CE,70,EXP_TRANS005,1,1
DEV,post_CE,75,EXP_TRANS005,1,1
DEV,pre_CE,10,EXP_TRANS006,1,1
DEV,pre_CE,20,EXP_TRANS006,1,1
DEV,pre_CE,30,EXP_TRANS006,1,1
DEV,pre_CE,40,EXP_TRANS006,1,1
DEV,pre_CE,50,EXP_TRANS006,1,1
DEV,pre_CE,60,EXP_TRANS006,1,1
DEV,pre_CE,70,EXP_TRANS006,1,1
DEV,pre_CE,75,EXP_TRANS006,1,1
DEV,post_CE,10,EXP_TRANS006,1,1
DEV,post_CE,20,EXP_TRANS006,1,1
DEV,post_CE,30,EXP_TRANS006,1,1
DEV,post_CE,40,EXP_TRANS006,1,1
DEV,post_CE,50,EXP_TRANS006,1,1
DEV,post_CE,60,EXP_TRANS006,1,1
DEV,post_CE,70,EXP_TRANS006,1,1
DEV,post_CE,75,EXP_TRANS006,1,1
DEV,pre_CE,10,EXP_TRANS007,1,2
DEV,pre_CE,20,EXP_TRANS007,2,2
DEV,pre_CE,30,EXP_TRANS007,2,2
DEV,pre_CE,40,EXP_TRANS007,2,2
DEV,pre_CE,50,EXP_TRANS007,2,2
DEV,pre_CE,60,EXP_TRANS007,2,2
DEV,pre_CE,70,EXP_TRANS007,2,2
DEV,pre_CE,75,EXP_TRANS007,2,2
DEV,post_CE,10,EXP_TRANS007,2,2
DEV,post_CE,20,EXP_TRANS007,2,2
DEV,post_CE,30,EXP_TRANS007,2,2
DEV,post_CE,40,EXP_TRANS007,2,2
DEV,post_CE,50,EXP_TRANS007,2,2
DEV,post_CE,60,EXP_TRANS007,2,2
DEV,post_CE,70,EXP_TRANS007,2,2
DEV,post_CE,75,EXP_TRANS007,2,2
DEV,pre_CE,10,EXP_SEC002,2,3
DEV,pre_CE,20,EXP_SEC002,3,3
DEV,pre_CE,30,EXP_SEC002,3,3
DEV,pre_CE,40,EXP_SEC002,3,3
DEV,pre_CE,50,EXP_SEC002,3,3
DEV,pre_CE,60,EXP_SEC002,3,3
DEV,pre_CE,70,EXP_SEC002,3,3
DEV,pre_CE,75,EXP_SEC002,3,3
DEV,post_CE,10,EXP_SEC002,3,3
DEV,post_CE,20,EXP_SEC002,3,3
DEV,post_CE,30,EXP_SEC002,3,3
DEV,post_CE,40,EXP_SEC002,3,3
DEV,post_CE,50,EXP_SEC002,3,3
DEV,post_CE,60,EXP_SEC002,3,3
DEV,post_CE,70,EXP_SEC002,3,3
DEV,post_CE,75,EXP_SEC002,3,3
DEV,pre_CE,10,EXP_SEC003,2,3
DEV,pre_CE,20,EXP_SEC003,2,3
DEV,pre_CE,30,EXP_SEC003,3,3
DEV,pre_CE,40,EXP_SEC003,3,3
DEV,pre_CE,50,EXP_SEC003,3,3
DEV,pre_CE,60,EXP_SEC003,3,3
DEV,pre_CE,70,EXP_SEC003,3,3
DEV,pre_CE,75,EXP_SEC003,3,3
DEV,post_CE,10,EXP_SEC003,2,3
DEV,post_CE,20,EXP_SEC003,3,3
DEV,post_CE,30,EXP_SEC003,3,3
DEV,post_CE,40,EXP_SEC003,3,3
DEV,post_CE,50,EXP_SEC003,3,3
DEV,post_CE,60,EXP_SEC003,3,3
DEV,post_CE,70,EXP_SEC003,3,3
DEV,post_CE,75,EXP_SEC003,3,3
DEV,pre_CE,10,EXP_SEC005,2,3
DEV,pre_CE,20,EXP_SEC005,2,3
DEV,pre_CE,30,EXP_SEC005,2,3
DEV,pre_CE,40,EXP_SEC005,2,3
DEV,pre_CE,50,EXP_SEC005,3,3
DEV,pre_CE,60,EXP_SEC005,3,3
DEV,pre_CE,70,EXP_SEC005,3,3
DEV,pre_CE,75,EXP_SEC005,3,3
DEV,post_CE,10,EXP_SEC005,2,3
DEV,post_CE,20,EXP_SEC005,3,3
DEV,post_CE,30,EXP_SEC005,3,3
DEV,post_CE,40,EXP_SEC005,3,3
DEV,post_CE,50,EXP_SEC005,3,3
DEV,post_CE,60,EXP_SEC005,3,3
DEV,post_CE,70,EXP_SEC005,3,3
DEV,post_CE,75,EXP_SEC005,3,3
DEV,pre_CE,10,EXP_SEC008,0,2
DEV,pre_CE,20,EXP_SEC008,0,2
DEV,pre_CE,30,EXP_SEC008,0,2
DEV,pre_CE,40,EXP_SEC008,0,2
DEV,pre_CE,50,EXP_SEC008,0,2
DEV,pre_CE,60,EXP_SEC008,0,2
DEV,pre_CE,70,EXP_SEC008,0,2
DEV,pre_CE,75,EXP_SEC008,1,2
DEV,post_CE,10,EXP_SEC008,1,2
DEV,post_CE,20,EXP_SEC008,1,2
DEV,post_CE,30,EXP_SEC008,1,2
DEV,post_CE,40,EXP_SEC008,1,2
DEV,post_CE,50,EXP_SEC008,1,2
DEV,post_CE,60,EXP_SEC008,1,2
DEV,post_CE,70,EXP_SEC008,1,2
DEV,post_CE,75,EXP_SEC008,1,2
DEV,pre_CE,10,EXP_SEC009,1,2
DEV,pre_CE,20,EXP_SEC009,1,2
DEV,pre_CE,30,EXP_SEC009,2,2
DEV,pre_CE,40,EXP_SEC009,2,2
DEV,pre_CE,50,EXP_SEC009,2,2
DEV,pre_CE,60,EXP_SEC009,2,2
DEV,pre_CE,70,EXP_SEC009,2,2
DEV,pre_CE,75,EXP_SEC009,2,2
DEV,post_CE,10,EXP_SEC009,2,2
DEV,post_CE,20,EXP_SEC009,2,2
DEV,post_CE,30,EXP_SEC009,2,2
DEV,post_CE,40,EXP_SEC009,2,2
DEV,post_CE,50,EXP_SEC009,2,2
DEV,post_CE,60,EXP_SEC009,2,2
DEV,post_CE,70,EXP_SEC009,2,2
DEV,post_CE,75,EXP_SEC009,2,2
DEV,pre_CE,10,EXP_SEC013,1,1
DEV,pre_CE,20,EXP_SEC013,1,1
DEV,pre_CE,30,EXP_SEC013,1,1
DEV,pre_CE,40,EXP_SEC013,1,1
DEV,pre_CE,50,EXP_SEC013,1,1
DEV,pre_CE,60,EXP_SEC013,1,1
DEV,pre_CE,70,EXP_SEC013,1,1
DEV,pre_CE,75,EXP_SEC013,1,1
DEV,post_CE,10,EXP_SEC013,1,1
DEV,post_CE,20,EXP_SEC013,1,1
DEV,post_CE,30,EXP_SEC013,1,1
DEV,post_CE,40,EXP_SEC013,1,1
DEV,post_CE,50,EXP_SEC013,1,1
DEV,post_CE,60,EXP_SEC013,1,1
DEV,post_CE,70,EXP_SEC013,1,1
DEV,post_CE,75,EXP_SEC013,1,1
DEV,pre_CE,10,EXP_SEC015,0,1
DEV,pre_CE,20,EXP_SEC015,0,1
DEV,pre_CE,30,EXP_SEC015,0,1
DEV,pre_CE,40,EXP_SEC015,0,1
DEV,pre_CE,50,EXP_SEC015,0,1
DEV,pre_CE,60,EXP_SEC015,0,1
DEV,pre_CE,70,EXP_SEC015,0,1
DEV,pre_CE,75,EXP_SEC015,0,1
DEV,post_CE,10,EXP_SEC015,0,1
DEV,post_CE,20,EXP_SEC015,0,1
DEV,post_CE,30,EXP_SEC015,0,1
DEV,post_CE,40,EXP_SEC015,0,1
DEV,post_CE,50,EXP_SEC015,0,1
DEV,post_CE,60,EXP_SEC015,0,1
DEV,post_CE,70,EXP_SEC015,0,1
DEV,post_CE,75,EXP_SEC015,0,1
DEV,pre_CE,10,EXP_SEC017,1,1
DEV,pre_CE,20,EXP_SEC017,1,1
DEV,pre_CE,30,EXP_SEC017,1,1
DEV,pre_CE,40,EXP_SEC017,1,1
DEV,pre_CE,50,EXP_SEC017,1,1
DEV,pre_CE,60,EXP_SEC017,1,1
DEV,pre_CE,70,EXP_SEC017,1,1
DEV,pre_CE,75,EXP_SEC017,1,1
DEV,post_CE,10,EXP_SEC017,1,1
DEV,post_CE,20,EXP_SEC017,1,1
DEV,post_CE,30,EXP_SEC017,1,1
DEV,post_CE,40,EXP_SEC017,1,1
DEV,post_CE,50,EXP_SEC017,1,1
DEV,post_CE,60,EXP_SEC017,1,1
DEV,post_CE,70,EXP_SEC017,1,1
DEV,post_CE,75,EXP_SEC017,1,1
TEST,pre_CE,10,DEV002,2,2
TEST,pre_CE,20,DEV002,2,2
TEST,pre_CE,30,DEV002,2,2
TEST,pre_CE,40,DEV002,2,2
TEST,pre_CE,50,DEV002,2,2
TEST,pre_CE,60,DEV002,2,2
TEST,pre_CE,70,DEV002,2,2
TEST,pre_CE,75,DEV002,2,2
TEST,post_CE,10,DEV002,1,2
TEST,post_CE,20,DEV002,1,2
TEST,post_CE,30,DEV002,2,2
TEST,post_CE,40,DEV002,2,2
TEST,post_CE,50,DEV002,2,2
TEST,post_CE,60,DEV002,2,2
TEST,post_CE,70,DEV002,2,2
TEST,post_CE,75,DEV002,2,2
TEST,pre_CE,10,DEV003,1,1
TEST,pre_CE,20,DEV003,1,1
TEST,pre_CE,30,DEV003,1,1
TEST,pre_CE,40,DEV003,1,1
TEST,pre_CE,50,DEV003,1,1
TEST,pre_CE,60,DEV003,1,1
TEST,pre_CE,70,DEV003,1,1
TEST,pre_CE,75,DEV003,1,1
TEST,post_CE,10,DEV003,1,1
TEST,post_CE,20,DEV003,1,1
TEST,post_CE,30,DEV003,1,1
TEST,post_CE,40,DEV003,1,1
TEST,post_CE,50,DEV003,1,1
TEST,post_CE,60,DEV003,1,1
TEST,post_CE,70,DEV003,1,1
TEST,post_CE,75,DEV003,1,1
TEST,pre_CE,10,DEV006,1,2
TEST,pre_CE,20,DEV006,1,2
TEST,pre_CE,30,DEV006,1,2
TEST,pre_CE,40,DEV006,1,2
TEST,pre_CE,50,DEV006,1,2
TEST,pre_CE,60,DEV006,1,2
TEST,pre_CE,70,DEV006,1,2
TEST,pre_CE,75,DEV006,1,2
TEST,post_CE,10,DEV006,0,2
TEST,post_CE,20,DEV006,1,2
TEST,post_CE,30,DEV006,1,2
TEST,post_CE,40,DEV006,1,2
TEST,post_CE,50,DEV006,1,2
TEST,post_CE,60,DEV006,1,2
TEST,post_CE,70,DEV006,1,2
TEST,post_CE,75,DEV006,1,2
TEST,pre_CE,10,DEV008,2,2
TEST,pre_CE,20,DEV008,2,2
TEST,pre_CE,30,DEV008,2,2
TEST,pre_CE,40,DEV008,2,2
TEST,pre_CE,50,DEV008,2,2
TEST,pre_CE,60,DEV008,2,2
TEST,pre_CE,70,DEV008,2,2
TEST,pre_CE,75,DEV008,2,2
TEST,post_CE,10,DEV008,2,2
TEST,post_CE,20,DEV008,2,2
TEST,post_CE,30,DEV008,2,2
TEST,post_CE,40,DEV008,2,2
TEST,post_CE,50,DEV008,2,2
TEST,post_CE,60,DEV008,2,2
TEST,post_CE,70,DEV008,2,2
TEST,post_CE,75,DEV008,2,2
TEST,pre_CE,10,DEV009,2,2
TEST,pre_CE,20,DEV009,2,2
TEST,pre_CE,30,DEV009,2,2
TEST,pre_CE,40,DEV009,2,2
TEST,pre_CE,50,DEV009,2,2
TEST,pre_CE,60,DEV009,2,2
TEST,pre_CE,70,DEV009,2,2
TEST,pre_CE,75,DEV009,2,2
TEST,post_CE,10,DEV009,2,2
TEST,post_CE,20,DEV009,2,2
TEST,post_CE,30,DEV009,2,2
TEST,post_CE,40,DEV009,2,2
TEST,post_CE,50,DEV009,2,2
TEST,post_CE,60,DEV009,2,2
TEST,post_CE,70,DEV009,2,2
TEST,post_CE,75,DEV009,2,2
TEST,pre_CE,10,DEV010,0,1
TEST,pre_CE,20,DEV010,0,1
TEST,pre_CE,30,DEV010,1,1
TEST,pre_CE,40,DEV010,1,1
TEST,pre_CE,50,DEV010,1,1
TEST,pre_CE,60,DEV010,1,1
TEST,pre_CE,70,DEV010,1,1
TEST,pre_CE,75,DEV010,1,1
TEST,post_CE,10,DEV010,1,1
TEST,post_CE,20,DEV010,1,1
TEST,post_CE,30,DEV010,1,1
TEST,post_CE,40,DEV010,1,1
TEST,post_CE,50,DEV010,1,1
TEST,post_CE,60,DEV010,1,1
TEST,post_CE,70,DEV010,1,1
TEST,post_CE,75,DEV010,1,1
TEST,pre_CE,10,DEV015,1,2
TEST,pre_CE,20,DEV015,1,2
TEST,pre_CE,30,DEV015,1,2
TEST,pre_CE,40,DEV015,1,2
TEST,pre_CE,50,DEV015,1,2
TEST,pre_CE,60,DEV015,1,2
TEST,pre_CE,70,DEV015,1,2
TEST,pre_CE,75,DEV015,1,2
TEST,post_CE,10,DEV015,0,2
TEST,post_CE,20,DEV015,1,2
TEST,post_CE,30,DEV015,1,2
TEST,post_CE,40,DEV015,1,2
TEST,post_CE,50,DEV015,1,2
TEST,post_CE,60,DEV015,1,2
TEST,post_CE,70,DEV015,1,2
TEST,post_CE,75,DEV015,1,2
TEST,pre_CE,10,DEV016,2,2
TEST,pre_CE,20,DEV016,2,2
TEST,pre_CE,30,DEV016,2,2
TEST,pre_CE,40,DEV016,2,2
TEST,pre_CE,50,DEV016,2,2
TEST,pre_CE,60,DEV016,2,2
TEST,pre_CE,70,DEV016,2,2
TEST,pre_CE,75,DEV016,2,2
TEST,post_CE,10,DEV016,1,2
TEST,post_CE,20,DEV016,2,2
TEST,post_CE,30,DEV016,2,2
TEST,post_CE,40,DEV016,2,2
TEST,post_CE,50,DEV016,2,2
TEST,post_CE,60,DEV016,2,2
TEST,post_CE,70,DEV016,2,2
TEST,post_CE,75,DEV016,2,2
TEST,pre_CE,10,DEV019,0,2
TEST,pre_CE,20,DEV019,0,2
TEST,pre_CE,30,DEV019,1,2
TEST,pre_CE,40,DEV019,2,2
TEST,pre_CE,50,DEV019,2,2
TEST,pre_CE,60,DEV019,2,2
TEST,pre_CE,70,DEV019,2,2
TEST,pre_CE,75,DEV019,2,2
TEST,post_CE,10,DEV019,1,2
TEST,post_CE,20,DEV019,1,2
TEST,post_CE,30,DEV019,2,2
TEST,post_CE,40,DEV019,2,2
TEST,post_CE,50,DEV019,2,2
TEST,post_CE,60,DEV019,2,2
TEST,post_CE,70,DEV019,2,2
TEST,post_CE,75,DEV019,2,2
TEST,pre_CE,10,DEV021,1,2
TEST,pre_CE,20,DEV021,1,2
TEST,pre_CE,30,DEV021,2,2
TEST,pre_CE,40,DEV021,2,2
TEST,pre_CE,50,DEV021,2,2
TEST,pre_CE,60,DEV021,2,2
TEST,pre_CE,70,DEV021,2,2
TEST,pre_CE,75,DEV021,2,2
TEST,post_CE,10,DEV021,2,2
TEST,post_CE,20,DEV021,2,2
TEST,post_CE,30,DEV021,2,2
TEST,post_CE,40,DEV021,2,2
TEST,post_CE,50,DEV021,2,2
TEST,post_CE,60,DEV021,2,2
TEST,post_CE,70,DEV021,2,2
TEST,post_CE,75,DEV021,2,2
TEST,pre_CE,10,DEV022,1,2
TEST,pre_CE,20,DEV022,1,2
TEST,pre_CE,30,DEV022,1,2
TEST,pre_CE,40,DEV022,1,2
TEST,pre_CE,50,DEV022,1,2
TEST,pre_CE,60,DEV022,1,2
TEST,pre_CE,70,DEV022,1,2
TEST,pre_CE,75,DEV022,1,2
TEST,post_CE,10,DEV022,1,2
TEST,post_CE,20,DEV022,1,2
TEST,post_CE,30,DEV022,1,2
TEST,post_CE,40,DEV022,1,2
TEST,post_CE,50,DEV022,1,2
TEST,post_CE,60,DEV022,1,2
TEST,post_CE,70,DEV022,1,2
TEST,post_CE,75,DEV022,1,2
TEST,pre_CE,10,DEV024,2,2
TEST,pre_CE,20,DEV024,2,2
TEST,pre_CE,30,DEV024,2,2
TEST,pre_CE,40,DEV024,2,2
TEST,pre_CE,50,DEV024,2,2
TEST,pre_CE,60,DEV024,2,2
TEST,pre_CE,70,DEV024,2,2
TEST,pre_CE,75,DEV024,2,2
TEST,post_CE,10,DEV024,1,2
TEST,post_CE,20,DEV024,2,2
TEST,post_CE,30,DEV024,2,2
TEST,post_CE,40,DEV024,2,2
TEST,post_CE,50,DEV024,2,2
TEST,post_CE,60,DEV024,2,2
TEST,post_CE,70,DEV024,2,2
TEST,post_CE,75,DEV024,2,2
TEST,pre_CE,10,DEV025,1,2
TEST,pre_CE,20,DEV025,1,2
TEST,pre_CE,30,DEV025,1,2
TEST,pre_CE,40,DEV025,1,2
TEST,pre_CE,50,DEV025,1,2
TEST,pre_CE,60,DEV025,2,2
TEST,pre_CE,70,DEV025,2,2
TEST,pre_CE,75,DEV025,2,2
TEST,post_CE,10,DEV025,2,2
TEST,post_CE,20,DEV025,2,2
TEST,post_CE,30,DEV025,2,2
TEST,post_CE,40,DEV025,2,2
TEST,post_CE,50,DEV025,2,2
TEST,post_CE,60,DEV025,2,2
TEST,post_CE,70,DEV025,2,2
TEST,post_CE,75,DEV025,2,2
TEST,pre_CE,10,DEV028,2,2
TEST,pre_CE,20,DEV028,2,2
TEST,pre_CE,30,DEV028,2,2
TEST,pre_CE,40,DEV028,2,2
TEST,pre_CE,50,DEV028,2,2
TEST,pre_CE,60,DEV028,2,2
TEST,pre_CE,70,DEV028,2,2
TEST,pre_CE,75,DEV028,2,2
TEST,post_CE,10,DEV028,2,2
TEST,post_CE,20,DEV028,2,2
TEST,post_CE,30,DEV028,2,2
TEST,post_CE,40,DEV028,2,2
TEST,post_CE,50,DEV028,2,2
TEST,post_CE,60,DEV028,2,2
TEST,post_CE,70,DEV028,2,2
TEST,post_CE,75,DEV028,2,2
TEST,pre_CE,10,DEV032,0,2
TEST,pre_CE,20,DEV032,0,2
TEST,pre_CE,30,DEV032,0,2
TEST,pre_CE,40,DEV032,0,2
TEST,pre_CE,50,DEV032,0,2
TEST,pre_CE,60,DEV032,0,2
TEST,pre_CE,70,DEV032,0,2
TEST,pre_CE,75,DEV032,0,2
TEST,post_CE,10,DEV032,0,2
TEST,post_CE,20,DEV032,0,2
TEST,post_CE,30,DEV032,0,2
TEST,post_CE,40,DEV032,0,2
TEST,post_CE,50,DEV032,0,2
TEST,post_CE,60,DEV032,0,2
TEST,post_CE,70,DEV032,0,2
TEST,post_CE,75,DEV032,0,2
TEST,pre_CE,10,DEV033,2,2
TEST,pre_CE,20,DEV033,2,2
TEST,pre_CE,30,DEV033,2,2
TEST,pre_CE,40,DEV033,2,2
TEST,pre_CE,50,DEV033,2,2
TEST,pre_CE,60,DEV033,2,2
TEST,pre_CE,70,DEV033,2,2
TEST,pre_CE,75,DEV033,2,2
TEST,post_CE,10,DEV033,2,2
TEST,post_CE,20,DEV033,2,2
TEST,post_CE,30,DEV033,2,2
TEST,post_CE,40,DEV033,2,2
TEST,post_CE,50,DEV033,2,2
TEST,post_CE,60,DEV033,2,2
TEST,post_CE,70,DEV033,2,2
TEST,post_CE,75,DEV033,2,2
TEST,pre_CE,10,DEV036,1,1
TEST,pre_CE,20,DEV036,1,1
TEST,pre_CE,30,DEV036,1,1
TEST,pre_CE,40,DEV036,1,1
TEST,pre_CE,50,DEV036,1,1
TEST,pre_CE,60,DEV036,1,1
TEST,pre_CE,70,DEV036,1,1
TEST,pre_CE,75,DEV036,1,1
TEST,post_CE,10,DEV036,1,1
TEST,post_CE,20,DEV036,1,1
TEST,post_CE,30,DEV036,1,1
TEST,post_CE,40,DEV036,1,1
TEST,post_CE,50,DEV036,1,1
TEST,post_CE,60,DEV036,1,1
TEST,post_CE,70,DEV036,1,1
TEST,post_CE,75,DEV036,1,1
TEST,pre_CE,10,DEV037,1,1
TEST,pre_CE,20,DEV037,1,1
TEST,pre_CE,30,DEV037,1,1
TEST,pre_CE,40,DEV037,1,1
TEST,pre_CE,50,DEV037,1,1
TEST,pre_CE,60,DEV037,1,1
TEST,pre_CE,70,DEV037,1,1
TEST,pre_CE,75,DEV037,1,1
TEST,post_CE,10,DEV037,1,1
TEST,post_CE,20,DEV037,1,1
TEST,post_CE,30,DEV037,1,1
TEST,post_CE,40,DEV037,1,1
TEST,post_CE,50,DEV037,1,1
TEST,post_CE,60,DEV037,1,1
TEST,post_CE,70,DEV037,1,1
TEST,post_CE,75,DEV037,1,1
TEST,pre_CE,10,DEV038,1,3
TEST,pre_CE,20,DEV038,2,3
TEST,pre_CE,30,DEV038,2,3
TEST,pre_CE,40,DEV038,2,3
TEST,pre_CE,50,DEV038,2,3
TEST,pre_CE,60,DEV038,2,3
TEST,pre_CE,70,DEV038,2,3
TEST,pre_CE,75,DEV038,2,3
TEST,post_CE,10,DEV038,2,3
TEST,post_CE,20,DEV038,2,3
TEST,post_CE,30,DEV038,2,3
TEST,post_CE,40,DEV038,2,3
TEST,post_CE,50,DEV038,2,3
TEST,post_CE,60,DEV038,2,3
TEST,post_CE,70,DEV038,2,3
TEST,post_CE,75,DEV038,2,3
TEST,pre_CE,10,TEST002,1,1
TEST,pre_CE,20,TEST002,1,1
TEST,pre_CE,30,TEST002,1,1
TEST,pre_CE,40,TEST002,1,1
TEST,pre_CE,50,TEST002,1,1
TEST,pre_CE,60,TEST002,1,1
TEST,pre_CE,70,TEST002,1,1
TEST,pre_CE,75,TEST002,1,1
TEST,post_CE,10,TEST002,1,1
TEST,post_CE,20,TEST002,1,1
TEST,post_CE,30,TEST002,1,1
TEST,post_CE,40,TEST002,1,1
TEST,post_CE,50,TEST002,1,1
TEST,post_CE,60,TEST002,1,1
TEST,post_CE,70,TEST002,1,1
TEST,post_CE,75,TEST002,1,1
TEST,pre_CE,10,TEST006,1,1
TEST,pre_CE,20,TEST006,1,1
TEST,pre_CE,30,TEST006,1,1
TEST,pre_CE,40,TEST006,1,1
TEST,pre_CE,50,TEST006,1,1
TEST,pre_CE,60,TEST006,1,1
TEST,pre_CE,70,TEST006,1,1
TEST,pre_CE,75,TEST006,1,1
TEST,post_CE,10,TEST006,1,1
TEST,post_CE,20,TEST006,1,1
TEST,post_CE,30,TEST006,1,1
TEST,post_CE,40,TEST006,1,1
TEST,post_CE,50,TEST006,1,1
TEST,post_CE,60,TEST006,1,1
TEST,post_CE,70,TEST006,1,1
TEST,post_CE,75,TEST006,1,1
TEST,pre_CE,10,TEST007,2,2
TEST,pre_CE,20,TEST007,2,2
TEST,pre_CE,30,TEST007,2,2
TEST,pre_CE,40,TEST007,2,2
TEST,pre_CE,50,TEST007,2,2
TEST,pre_CE,60,TEST007,2,2
TEST,pre_CE,70,TEST007,2,2
TEST,pre_CE,75,TEST007,2,2
TEST,post_CE,10,TEST007,1,2
TEST,post_CE,20,TEST007,2,2
TEST,post_CE,30,TEST007,2,2
TEST,post_CE,40,TEST007,2,2
TEST,post_CE,50,TEST007,2,2
TEST,post_CE,60,TEST007,2,2
TEST,post_CE,70,TEST007,2,2
TEST,post_CE,75,TEST007,2,2
TEST,pre_CE,10,TEST008,0,2
TEST,pre_CE,20,TEST008,0,2
TEST,pre_CE,30,TEST008,0,2
TEST,pre_CE,40,TEST008,0,2
TEST,pre_CE,50,TEST008,0,2
TEST,pre_CE,60,TEST008,1,2
TEST,pre_CE,70,TEST008,1,2
TEST,pre_CE,75,TEST008,1,2
TEST,post_CE,10,TEST008,0,2
TEST,post_CE,20,TEST008,0,2
TEST,post_CE,30,TEST008,0,2
TEST,post_CE,40,TEST008,0,2
TEST,post_CE,50,TEST008,1,2
TEST,post_CE,60,TEST008,1,2
TEST,post_CE,70,TEST008,1,2
TEST,post_CE,75,TEST008,1,2
TEST,pre_CE,10,TEST010,2,2
TEST,pre_CE,20,TEST010,2,2
TEST,pre_CE,30,TEST010,2,2
TEST,pre_CE,40,TEST010,2,2
TEST,pre_CE,50,TEST010,2,2
TEST,pre_CE,60,TEST010,2,2
TEST,pre_CE,70,TEST010,2,2
TEST,pre_CE,75,TEST010,2,2
TEST,post_CE,10,TEST010,2,2
TEST,post_CE,20,TEST010,2,2
TEST,post_CE,30,TEST010,2,2
TEST,post_CE,40,TEST010,2,2
TEST,post_CE,50,TEST010,2,2
TEST,post_CE,60,TEST010,2,2
TEST,post_CE,70,TEST010,2,2
TEST,post_CE,75,TEST010,2,2
TEST,pre_CE,10,TEST014,1,2
TEST,pre_CE,20,TEST014,1,2
TEST,pre_CE,30,TEST014,1,2
TEST,pre_CE,40,TEST014,1,2
TEST,pre_CE,50,TEST014,1,2
TEST,pre_CE,60,TEST014,1,2
TEST,pre_CE,70,TEST014,1,2
TEST,pre_CE,75,TEST014,1,2
TEST,post_CE,10,TEST014,1,2
TEST,post_CE,20,TEST014,1,2
TEST,post_CE,30,TEST014,1,2
TEST,post_CE,40,TEST014,1,2
TEST,post_CE,50,TEST014,1,2
TEST,post_CE,60,TEST014,1,2
TEST,post_CE,70,TEST014,1,2
TEST,post_CE,75,TEST014,1,2
TEST,pre_CE,10,TEST016,1,2
TEST,pre_CE,20,TEST016,1,2
TEST,pre_CE,30,TEST016,1,2
TEST,pre_CE,40,TEST016,1,2
TEST,pre_CE,50,TEST016,1,2
TEST,pre_CE,60,TEST016,1,2
TEST,pre_CE,70,TEST016,1,2
TEST,pre_CE,75,TEST016,1,2
TEST,post_CE,10,TEST016,1,2
TEST,post_CE,20,TEST016,1,2
TEST,post_CE,30,TEST016,1,2
TEST,post_CE,40,TEST016,1,2
TEST,post_CE,50,TEST016,1,2
TEST,post_CE,60,TEST016,1,2
TEST,post_CE,70,TEST016,1,2
TEST,post_CE,75,TEST016,1,2
TEST,pre_CE,10,TEST018,0,2
TEST,pre_CE,20,TEST018,0,2
TEST,pre_CE,30,TEST018,0,2
TEST,pre_CE,40,TEST018,0,2
TEST,pre_CE,50,TEST018,1,2
TEST,pre_CE,60,TEST018,1,2
TEST,pre_CE,70,TEST018,1,2
TEST,pre_CE,75,TEST018,1,2
TEST,post_CE,10,TEST018,1,2
TEST,post_CE,20,TEST018,1,2
TEST,post_CE,30,TEST018,1,2
TEST,post_CE,40,TEST018,1,2
TEST,post_CE,50,TEST018,1,2
TEST,post_CE,60,TEST018,1,2
TEST,post_CE,70,TEST018,1,2
TEST,post_CE,75,TEST018,1,2
TEST,pre_CE,10,TEST020,0,2
TEST,pre_CE,20,TEST020,1,2
TEST,pre_CE,30,TEST020,1,2
TEST,pre_CE,40,TEST020,2,2
TEST,pre_CE,50,TEST020,2,2
TEST,pre_CE,60,TEST020,2,2
TEST,pre_CE,70,TEST020,2,2
TEST,pre_CE,75,TEST020,2,2
TEST,post_CE,10,TEST020,2,2
TEST,post_CE,20,TEST020,2,2
TEST,post_CE,30,TEST020,2,2
TEST,post_CE,40,TEST020,2,2
TEST,post_CE,50,TEST020,2,2
TEST,post_CE,60,TEST020,2,2
TEST,post_CE,70,TEST020,2,2
TEST,post_CE,75,TEST020,2,2
TEST,pre_CE,10,FAQ001,1,1
TEST,pre_CE,20,FAQ001,1,1
TEST,pre_CE,30,FAQ001,1,1
TEST,pre_CE,40,FAQ001,1,1
TEST,pre_CE,50,FAQ001,1,1
TEST,pre_CE,60,FAQ001,1,1
TEST,pre_CE,70,FAQ001,1,1
TEST,pre_CE,75,FAQ001,1,1
TEST,post_CE,10,FAQ001,1,1
TEST,post_CE,20,FAQ001,1,1
TEST,post_CE,30,FAQ001,1,1
TEST,post_CE,40,FAQ001,1,1
TEST,post_CE,50,FAQ001,1,1
TEST,post_CE,60,FAQ001,1,1
TEST,post_CE,70,FAQ001,1,1
TEST,post_CE,75,FAQ001,1,1
TEST,pre_CE,10,FAQ004,1,1
TEST,pre_CE,20,FAQ004,1,1
TEST,pre_CE,30,FAQ004,1,1
TEST,pre_CE,40,FAQ004,1,1
TEST,pre_CE,50,FAQ004,1,1
TEST,pre_CE,60,FAQ004,1,1
TEST,pre_CE,70,FAQ004,1,1
TEST,pre_CE,75,FAQ004,1,1
TEST,post_CE,10,FAQ004,1,1
TEST,post_CE,20,FAQ004,1,1
TEST,post_CE,30,FAQ004,1,1
TEST,post_CE,40,FAQ004,1,1
TEST,post_CE,50,FAQ004,1,1
TEST,post_CE,60,FAQ004,1,1
TEST,post_CE,70,FAQ004,1,1
TEST,post_CE,75,FAQ004,1,1
TEST,pre_CE,10,FAQ005,1,1
TEST,pre_CE,20,FAQ005,1,1
TEST,pre_CE,30,FAQ005,1,1
TEST,pre_CE,40,FAQ005,1,1
TEST,pre_CE,50,FAQ005,1,1
TEST,pre_CE,60,FAQ005,1,1
TEST,pre_CE,70,FAQ005,1,1
TEST,pre_CE,75,FAQ005,1,1
TEST,post_CE,10,FAQ005,1,1
TEST,post_CE,20,FAQ005,1,1
TEST,post_CE,30,FAQ005,1,1
TEST,post_CE,40,FAQ005,1,1
TEST,post_CE,50,FAQ005,1,1
TEST,post_CE,60,FAQ005,1,1
TEST,post_CE,70,FAQ005,1,1
TEST,post_CE,75,FAQ005,1,1
TEST,pre_CE,10,FAQ010,0,1
TEST,pre_CE,20,FAQ010,0,1
TEST,pre_CE,30,FAQ010,0,1
TEST,pre_CE,40,FAQ010,0,1
TEST,pre_CE,50,FAQ010,0,1
TEST,pre_CE,60,FAQ010,0,1
TEST,pre_CE,70,FAQ010,0,1
TEST,pre_CE,75,FAQ010,0,1
TEST,post_CE,10,FAQ010,0,1
TEST,post_CE,20,FAQ010,0,1
TEST,post_CE,30,FAQ010,0,1
TEST,post_CE,40,FAQ010,0,1
TEST,post_CE,50,FAQ010,0,1
TEST,post_CE,60,FAQ010,0,1
TEST,post_CE,70,FAQ010,0,1
TEST,post_CE,75,FAQ010,0,1
TEST,pre_CE,10,FAQ015,0,1
TEST,pre_CE,20,FAQ015,1,1
TEST,pre_CE,30,FAQ015,1,1
TEST,pre_CE,40,FAQ015,1,1
TEST,pre_CE,50,FAQ015,1,1
TEST,pre_CE,60,FAQ015,1,1
TEST,pre_CE,70,FAQ015,1,1
TEST,pre_CE,75,FAQ015,1,1
TEST,post_CE,10,FAQ015,0,1
TEST,post_CE,20,FAQ015,1,1
TEST,post_CE,30,FAQ015,1,1
TEST,post_CE,40,FAQ015,1,1
TEST,post_CE,50,FAQ015,1,1
TEST,post_CE,60,FAQ015,1,1
TEST,post_CE,70,FAQ015,1,1
TEST,post_CE,75,FAQ015,1,1
TEST,pre_CE,10,FAQ016,1,1
TEST,pre_CE,20,FAQ016,1,1
TEST,pre_CE,30,FAQ016,1,1
TEST,pre_CE,40,FAQ016,1,1
TEST,pre_CE,50,FAQ016,1,1
TEST,pre_CE,60,FAQ016,1,1
TEST,pre_CE,70,FAQ016,1,1
TEST,pre_CE,75,FAQ016,1,1
TEST,post_CE,10,FAQ016,1,1
TEST,post_CE,20,FAQ016,1,1
TEST,post_CE,30,FAQ016,1,1
TEST,post_CE,40,FAQ016,1,1
TEST,post_CE,50,FAQ016,1,1
TEST,post_CE,60,FAQ016,1,1
TEST,post_CE,70,FAQ016,1,1
TEST,post_CE,75,FAQ016,1,1
TEST,pre_CE,10,FAQ017,1,1
TEST,pre_CE,20,FAQ017,1,1
TEST,pre_CE,30,FAQ017,1,1
TEST,pre_CE,40,FAQ017,1,1
TEST,pre_CE,50,FAQ017,1,1
TEST,pre_CE,60,FAQ017,1,1
TEST,pre_CE,70,FAQ017,1,1
TEST,pre_CE,75,FAQ017,1,1
TEST,post_CE,10,FAQ017,1,1
TEST,post_CE,20,FAQ017,1,1
TEST,post_CE,30,FAQ017,1,1
TEST,post_CE,40,FAQ017,1,1
TEST,post_CE,50,FAQ017,1,1
TEST,post_CE,60,FAQ017,1,1
TEST,post_CE,70,FAQ017,1,1
TEST,post_CE,75,FAQ017,1,1
TEST,pre_CE,10,FAQ018,1,1
TEST,pre_CE,20,FAQ018,1,1
TEST,pre_CE,30,FAQ018,1,1
TEST,pre_CE,40,FAQ018,1,1
TEST,pre_CE,50,FAQ018,1,1
TEST,pre_CE,60,FAQ018,1,1
TEST,pre_CE,70,FAQ018,1,1
TEST,pre_CE,75,FAQ018,1,1
TEST,post_CE,10,FAQ018,1,1
TEST,post_CE,20,FAQ018,1,1
TEST,post_CE,30,FAQ018,1,1
TEST,post_CE,40,FAQ018,1,1
TEST,post_CE,50,FAQ018,1,1
TEST,post_CE,60,FAQ018,1,1
TEST,post_CE,70,FAQ018,1,1
TEST,post_CE,75,FAQ018,1,1
TEST,pre_CE,10,FAQ020,0,1
TEST,pre_CE,20,FAQ020,0,1
TEST,pre_CE,30,FAQ020,1,1
TEST,pre_CE,40,FAQ020,1,1
TEST,pre_CE,50,FAQ020,1,1
TEST,pre_CE,60,FAQ020,1,1
TEST,pre_CE,70,FAQ020,1,1
TEST,pre_CE,75,FAQ020,1,1
TEST,post_CE,10,FAQ020,1,1
TEST,post_CE,20,FAQ020,1,1
TEST,post_CE,30,FAQ020,1,1
TEST,post_CE,40,FAQ020,1,1
TEST,post_CE,50,FAQ020,1,1
TEST,post_CE,60,FAQ020,1,1
TEST,post_CE,70,FAQ020,1,1
TEST,post_CE,75,FAQ020,1,1
TEST,pre_CE,10,FAQ024,1,1
TEST,pre_CE,20,FAQ024,1,1
TEST,pre_CE,30,FAQ024,1,1
TEST,pre_CE,40,FAQ024,1,1
TEST,pre_CE,50,FAQ024,1,1
TEST,pre_CE,60,FAQ024,1,1
TEST,pre_CE,70,FAQ024,1,1
TEST,pre_CE,75,FAQ024,1,1
TEST,post_CE,10,FAQ024,1,1
TEST,post_CE,20,FAQ024,1,1
TEST,post_CE,30,FAQ024,1,1
TEST,post_CE,40,FAQ024,1,1
TEST,post_CE,50,FAQ024,1,1
TEST,post_CE,60,FAQ024,1,1
TEST,post_CE,70,FAQ024,1,1
TEST,post_CE,75,FAQ024,1,1
TEST,pre_CE,10,FAQ026,0,1
TEST,pre_CE,20,FAQ026,0,1
TEST,pre_CE,30,FAQ026,0,1
TEST,pre_CE,40,FAQ026,0,1
TEST,pre_CE,50,FAQ026,0,1
TEST,pre_CE,60,FAQ026,0,1
TEST,pre_CE,70,FAQ026,0,1
TEST,pre_CE,75,FAQ026,0,1
TEST,post_CE,10,FAQ026,0,1
TEST,post_CE,20,FAQ026,0,1
TEST,post_CE,30,FAQ026,0,1
TEST,post_CE,40,FAQ026,0,1
TEST,post_CE,50,FAQ026,0,1
TEST,post_CE,60,FAQ026,0,1
TEST,post_CE,70,FAQ026,0,1
TEST,post_CE,75,FAQ026,0,1
TEST,pre_CE,10,FAQ029,1,1
TEST,pre_CE,20,FAQ029,1,1
TEST,pre_CE,30,FAQ029,1,1
TEST,pre_CE,40,FAQ029,1,1
TEST,pre_CE,50,FAQ029,1,1
TEST,pre_CE,60,FAQ029,1,1
TEST,pre_CE,70,FAQ029,1,1
TEST,pre_CE,75,FAQ029,1,1
TEST,post_CE,10,FAQ029,1,1
TEST,post_CE,20,FAQ029,1,1
TEST,post_CE,30,FAQ029,1,1
TEST,post_CE,40,FAQ029,1,1
TEST,post_CE,50,FAQ029,1,1
TEST,post_CE,60,FAQ029,1,1
TEST,post_CE,70,FAQ029,1,1
TEST,post_CE,75,FAQ029,1,1
TEST,pre_CE,10,FAQ030,0,1
TEST,pre_CE,20,FAQ030,0,1
TEST,pre_CE,30,FAQ030,0,1
TEST,pre_CE,40,FAQ030,0,1
TEST,pre_CE,50,FAQ030,0,1
TEST,pre_CE,60,FAQ030,0,1
TEST,pre_CE,70,FAQ030,0,1
TEST,pre_CE,75,FAQ030,1,1
TEST,post_CE,10,FAQ030,0,1
TEST,post_CE,20,FAQ030,0,1
TEST,post_CE,30,FAQ030,0,1
TEST,post_CE,40,FAQ030,1,1
TEST,post_CE,50,FAQ030,1,1
TEST,post_CE,60,FAQ030,1,1
TEST,post_CE,70,FAQ030,1,1
TEST,post_CE,75,FAQ030,1,1
TEST,pre_CE,10,FAQ032,1,1
TEST,pre_CE,20,FAQ032,1,1
TEST,pre_CE,30,FAQ032,1,1
TEST,pre_CE,40,FAQ032,1,1
TEST,pre_CE,50,FAQ032,1,1
TEST,pre_CE,60,FAQ032,1,1
TEST,pre_CE,70,FAQ032,1,1
TEST,pre_CE,75,FAQ032,1,1
TEST,post_CE,10,FAQ032,1,1
TEST,post_CE,20,FAQ032,1,1
TEST,post_CE,30,FAQ032,1,1
TEST,post_CE,40,FAQ032,1,1
TEST,post_CE,50,FAQ032,1,1
TEST,post_CE,60,FAQ032,1,1
TEST,post_CE,70,FAQ032,1,1
TEST,post_CE,75,FAQ032,1,1
TEST,pre_CE,10,FAQ034,2,2
TEST,pre_CE,20,FAQ034,2,2
TEST,pre_CE,30,FAQ034,2,2
TEST,pre_CE,40,FAQ034,2,2
TEST,pre_CE,50,FAQ034,2,2
TEST,pre_CE,60,FAQ034,2,2
TEST,pre_CE,70,FAQ034,2,2
TEST,pre_CE,75,FAQ034,2,2
TEST,post_CE,10,FAQ034,2,2
TEST,post_CE,20,FAQ034,2,2
TEST,post_CE,30,FAQ034,2,2
TEST,post_CE,40,FAQ034,2,2
TEST,post_CE,50,FAQ034,2,2
TEST,post_CE,60,FAQ034,2,2
TEST,post_CE,70,FAQ034,2,2
TEST,post_CE,75,FAQ034,2,2
TEST,pre_CE,10,FAQ035,1,1
TEST,pre_CE,20,FAQ035,1,1
TEST,pre_CE,30,FAQ035,1,1
TEST,pre_CE,40,FAQ035,1,1
TEST,pre_CE,50,FAQ035,1,1
TEST,pre_CE,60,FAQ035,1,1
TEST,pre_CE,70,FAQ035,1,1
TEST,pre_CE,75,FAQ035,1,1
TEST,post_CE,10,FAQ035,0,1
TEST,post_CE,20,FAQ035,1,1
TEST,post_CE,30,FAQ035,1,1
TEST,post_CE,40,FAQ035,1,1
TEST,post_CE,50,FAQ035,1,1
TEST,post_CE,60,FAQ035,1,1
TEST,post_CE,70,FAQ035,1,1
TEST,post_CE,75,FAQ035,1,1
TEST,pre_CE,10,FAQ037,1,1
TEST,pre_CE,20,FAQ037,1,1
TEST,pre_CE,30,FAQ037,1,1
TEST,pre_CE,40,FAQ037,1,1
TEST,pre_CE,50,FAQ037,1,1
TEST,pre_CE,60,FAQ037,1,1
TEST,pre_CE,70,FAQ037,1,1
TEST,pre_CE,75,FAQ037,1,1
TEST,post_CE,10,FAQ037,1,1
TEST,post_CE,20,FAQ037,1,1
TEST,post_CE,30,FAQ037,1,1
TEST,post_CE,40,FAQ037,1,1
TEST,post_CE,50,FAQ037,1,1
TEST,post_CE,60,FAQ037,1,1
TEST,post_CE,70,FAQ037,1,1
TEST,post_CE,75,FAQ037,1,1
TEST,pre_CE,10,FAQ039,0,1
TEST,pre_CE,20,FAQ039,0,1
TEST,pre_CE,30,FAQ039,0,1
TEST,pre_CE,40,FAQ039,0,1
TEST,pre_CE,50,FAQ039,0,1
TEST,pre_CE,60,FAQ039,1,1
TEST,pre_CE,70,FAQ039,1,1
TEST,pre_CE,75,FAQ039,1,1
TEST,post_CE,10,FAQ039,0,1
TEST,post_CE,20,FAQ039,0,1
TEST,post_CE,30,FAQ039,0,1
TEST,post_CE,40,FAQ039,0,1
TEST,post_CE,50,FAQ039,1,1
TEST,post_CE,60,FAQ039,1,1
TEST,post_CE,70,FAQ039,1,1
TEST,post_CE,75,FAQ039,1,1
TEST,pre_CE,10,FAQ041,0,1
TEST,pre_CE,20,FAQ041,1,1
TEST,pre_CE,30,FAQ041,1,1
TEST,pre_CE,40,FAQ041,1,1
TEST,pre_CE,50,FAQ041,1,1
TEST,pre_CE,60,FAQ041,1,1
TEST,pre_CE,70,FAQ041,1,1
TEST,pre_CE,75,FAQ041,1,1
TEST,post_CE,10,FAQ041,1,1
TEST,post_CE,20,FAQ041,1,1
TEST,post_CE,30,FAQ041,1,1
TEST,post_CE,40,FAQ041,1,1
TEST,post_CE,50,FAQ041,1,1
TEST,post_CE,60,FAQ041,1,1
TEST,post_CE,70,FAQ041,1,1
TEST,post_CE,75,FAQ041,1,1
TEST,pre_CE,10,FAQ044,1,1
TEST,pre_CE,20,FAQ044,1,1
TEST,pre_CE,30,FAQ044,1,1
TEST,pre_CE,40,FAQ044,1,1
TEST,pre_CE,50,FAQ044,1,1
TEST,pre_CE,60,FAQ044,1,1
TEST,pre_CE,70,FAQ044,1,1
TEST,pre_CE,75,FAQ044,1,1
TEST,post_CE,10,FAQ044,1,1
TEST,post_CE,20,FAQ044,1,1
TEST,post_CE,30,FAQ044,1,1
TEST,post_CE,40,FAQ044,1,1
TEST,post_CE,50,FAQ044,1,1
TEST,post_CE,60,FAQ044,1,1
TEST,post_CE,70,FAQ044,1,1
TEST,post_CE,75,FAQ044,1,1
TEST,pre_CE,10,FAQ047,1,1
TEST,pre_CE,20,FAQ047,1,1
TEST,pre_CE,30,FAQ047,1,1
TEST,pre_CE,40,FAQ047,1,1
TEST,pre_CE,50,FAQ047,1,1
TEST,pre_CE,60,FAQ047,1,1
TEST,pre_CE,70,FAQ047,1,1
TEST,pre_CE,75,FAQ047,1,1
TEST,post_CE,10,FAQ047,1,1
TEST,post_CE,20,FAQ047,1,1
TEST,post_CE,30,FAQ047,1,1
TEST,post_CE,40,FAQ047,1,1
TEST,post_CE,50,FAQ047,1,1
TEST,post_CE,60,FAQ047,1,1
TEST,post_CE,70,FAQ047,1,1
TEST,post_CE,75,FAQ047,1,1
TEST,pre_CE,10,FAQ048,1,1
TEST,pre_CE,20,FAQ048,1,1
TEST,pre_CE,30,FAQ048,1,1
TEST,pre_CE,40,FAQ048,1,1
TEST,pre_CE,50,FAQ048,1,1
TEST,pre_CE,60,FAQ048,1,1
TEST,pre_CE,70,FAQ048,1,1
TEST,pre_CE,75,FAQ048,1,1
TEST,post_CE,10,FAQ048,1,1
TEST,post_CE,20,FAQ048,1,1
TEST,post_CE,30,FAQ048,1,1
TEST,post_CE,40,FAQ048,1,1
TEST,post_CE,50,FAQ048,1,1
TEST,post_CE,60,FAQ048,1,1
TEST,post_CE,70,FAQ048,1,1
TEST,post_CE,75,FAQ048,1,1
TEST,pre_CE,10,FAQ049,0,1
TEST,pre_CE,20,FAQ049,1,1
TEST,pre_CE,30,FAQ049,1,1
TEST,pre_CE,40,FAQ049,1,1
TEST,pre_CE,50,FAQ049,1,1
TEST,pre_CE,60,FAQ049,1,1
TEST,pre_CE,70,FAQ049,1,1
TEST,pre_CE,75,FAQ049,1,1
TEST,post_CE,10,FAQ049,1,1
TEST,post_CE,20,FAQ049,1,1
TEST,post_CE,30,FAQ049,1,1
TEST,post_CE,40,FAQ049,1,1
TEST,post_CE,50,FAQ049,1,1
TEST,post_CE,60,FAQ049,1,1
TEST,post_CE,70,FAQ049,1,1
TEST,post_CE,75,FAQ049,1,1
TEST,pre_CE,10,FAQ050,1,1
TEST,pre_CE,20,FAQ050,1,1
TEST,pre_CE,30,FAQ050,1,1
TEST,pre_CE,40,FAQ050,1,1
TEST,pre_CE,50,FAQ050,1,1
TEST,pre_CE,60,FAQ050,1,1
TEST,pre_CE,70,FAQ050,1,1
TEST,pre_CE,75,FAQ050,1,1
TEST,post_CE,10,FAQ050,1,1
TEST,post_CE,20,FAQ050,1,1
TEST,post_CE,30,FAQ050,1,1
TEST,post_CE,40,FAQ050,1,1
TEST,post_CE,50,FAQ050,1,1
TEST,post_CE,60,FAQ050,1,1
TEST,post_CE,70,FAQ050,1,1
TEST,post_CE,75,FAQ050,1,1
TEST,pre_CE,10,FAQ056,1,1
TEST,pre_CE,20,FAQ056,1,1
TEST,pre_CE,30,FAQ056,1,1
TEST,pre_CE,40,FAQ056,1,1
TEST,pre_CE,50,FAQ056,1,1
TEST,pre_CE,60,FAQ056,1,1
TEST,pre_CE,70,FAQ056,1,1
TEST,pre_CE,75,FAQ056,1,1
TEST,post_CE,10,FAQ056,1,1
TEST,post_CE,20,FAQ056,1,1
TEST,post_CE,30,FAQ056,1,1
TEST,post_CE,40,FAQ056,1,1
TEST,post_CE,50,FAQ056,1,1
TEST,post_CE,60,FAQ056,1,1
TEST,post_CE,70,FAQ056,1,1
TEST,post_CE,75,FAQ056,1,1
TEST,pre_CE,10,FAQ057,1,1
TEST,pre_CE,20,FAQ057,1,1
TEST,pre_CE,30,FAQ057,1,1
TEST,pre_CE,40,FAQ057,1,1
TEST,pre_CE,50,FAQ057,1,1
TEST,pre_CE,60,FAQ057,1,1
TEST,pre_CE,70,FAQ057,1,1
TEST,pre_CE,75,FAQ057,1,1
TEST,post_CE,10,FAQ057,1,1
TEST,post_CE,20,FAQ057,1,1
TEST,post_CE,30,FAQ057,1,1
TEST,post_CE,40,FAQ057,1,1
TEST,post_CE,50,FAQ057,1,1
TEST,post_CE,60,FAQ057,1,1
TEST,post_CE,70,FAQ057,1,1
TEST,post_CE,75,FAQ057,1,1
TEST,pre_CE,10,FAQ060,1,1
TEST,pre_CE,20,FAQ060,1,1
TEST,pre_CE,30,FAQ060,1,1
TEST,pre_CE,40,FAQ060,1,1
TEST,pre_CE,50,FAQ060,1,1
TEST,pre_CE,60,FAQ060,1,1
TEST,pre_CE,70,FAQ060,1,1
TEST,pre_CE,75,FAQ060,1,1
TEST,post_CE,10,FAQ060,1,1
TEST,post_CE,20,FAQ060,1,1
TEST,post_CE,30,FAQ060,1,1
TEST,post_CE,40,FAQ060,1,1
TEST,post_CE,50,FAQ060,1,1
TEST,post_CE,60,FAQ060,1,1
TEST,post_CE,70,FAQ060,1,1
TEST,post_CE,75,FAQ060,1,1
TEST,pre_CE,10,FAQ074,1,1
TEST,pre_CE,20,FAQ074,1,1
TEST,pre_CE,30,FAQ074,1,1
TEST,pre_CE,40,FAQ074,1,1
TEST,pre_CE,50,FAQ074,1,1
TEST,pre_CE,60,FAQ074,1,1
TEST,pre_CE,70,FAQ074,1,1
TEST,pre_CE,75,FAQ074,1,1
TEST,post_CE,10,FAQ074,1,1
TEST,post_CE,20,FAQ074,1,1
TEST,post_CE,30,FAQ074,1,1
TEST,post_CE,40,FAQ074,1,1
TEST,post_CE,50,FAQ074,1,1
TEST,post_CE,60,FAQ074,1,1
TEST,post_CE,70,FAQ074,1,1
TEST,post_CE,75,FAQ074,1,1
TEST,pre_CE,10,FAQ076,1,1
TEST,pre_CE,20,FAQ076,1,1
TEST,pre_CE,30,FAQ076,1,1
TEST,pre_CE,40,FAQ076,1,1
TEST,pre_CE,50,FAQ076,1,1
TEST,pre_CE,60,FAQ076,1,1
TEST,pre_CE,70,FAQ076,1,1
TEST,pre_CE,75,FAQ076,1,1
TEST,post_CE,10,FAQ076,1,1
TEST,post_CE,20,FAQ076,1,1
TEST,post_CE,30,FAQ076,1,1
TEST,post_CE,40,FAQ076,1,1
TEST,post_CE,50,FAQ076,1,1
TEST,post_CE,60,FAQ076,1,1
TEST,post_CE,70,FAQ076,1,1
TEST,post_CE,75,FAQ076,1,1
TEST,pre_CE,10,FAQ079,1,1
TEST,pre_CE,20,FAQ079,1,1
TEST,pre_CE,30,FAQ079,1,1
TEST,pre_CE,40,FAQ079,1,1
TEST,pre_CE,50,FAQ079,1,1
TEST,pre_CE,60,FAQ079,1,1
TEST,pre_CE,70,FAQ079,1,1
TEST,pre_CE,75,FAQ079,1,1
TEST,post_CE,10,FAQ079,1,1
TEST,post_CE,20,FAQ079,1,1
TEST,post_CE,30,FAQ079,1,1
TEST,post_CE,40,FAQ079,1,1
TEST,post_CE,50,FAQ079,1,1
TEST,post_CE,60,FAQ079,1,1
TEST,post_CE,70,FAQ079,1,1
TEST,post_CE,75,FAQ079,1,1
TEST,pre_CE,10,FAQ082,1,1
TEST,pre_CE,20,FAQ082,1,1
TEST,pre_CE,30,FAQ082,1,1
TEST,pre_CE,40,FAQ082,1,1
TEST,pre_CE,50,FAQ082,1,1
TEST,pre_CE,60,FAQ082,1,1
TEST,pre_CE,70,FAQ082,1,1
TEST,pre_CE,75,FAQ082,1,1
TEST,post_CE,10,FAQ082,1,1
TEST,post_CE,20,FAQ082,1,1
TEST,post_CE,30,FAQ082,1,1
TEST,post_CE,40,FAQ082,1,1
TEST,post_CE,50,FAQ082,1,1
TEST,post_CE,60,FAQ082,1,1
TEST,post_CE,70,FAQ082,1,1
TEST,post_CE,75,FAQ082,1,1
TEST,pre_CE,10,FAQ084,1,1
TEST,pre_CE,20,FAQ084,1,1
TEST,pre_CE,30,FAQ084,1,1
TEST,pre_CE,40,FAQ084,1,1
TEST,pre_CE,50,FAQ084,1,1
TEST,pre_CE,60,FAQ084,1,1
TEST,pre_CE,70,FAQ084,1,1
TEST,pre_CE,75,FAQ084,1,1
TEST,post_CE,10,FAQ084,0,1
TEST,post_CE,20,FAQ084,0,1
TEST,post_CE,30,FAQ084,0,1
TEST,post_CE,40,FAQ084,0,1
TEST,post_CE,50,FAQ084,1,1
TEST,post_CE,60,FAQ084,1,1
TEST,post_CE,70,FAQ084,1,1
TEST,post_CE,75,FAQ084,1,1
TEST,pre_CE,10,FAQ085,0,1
TEST,pre_CE,20,FAQ085,0,1
TEST,pre_CE,30,FAQ085,1,1
TEST,pre_CE,40,FAQ085,1,1
TEST,pre_CE,50,FAQ085,1,1
TEST,pre_CE,60,FAQ085,1,1
TEST,pre_CE,70,FAQ085,1,1
TEST,pre_CE,75,FAQ085,1,1
TEST,post_CE,10,FAQ085,0,1
TEST,post_CE,20,FAQ085,0,1
TEST,post_CE,30,FAQ085,1,1
TEST,post_CE,40,FAQ085,1,1
TEST,post_CE,50,FAQ085,1,1
TEST,post_CE,60,FAQ085,1,1
TEST,post_CE,70,FAQ085,1,1
TEST,post_CE,75,FAQ085,1,1
TEST,pre_CE,10,FAQ086,0,1
TEST,pre_CE,20,FAQ086,0,1
TEST,pre_CE,30,FAQ086,0,1
TEST,pre_CE,40,FAQ086,0,1
TEST,pre_CE,50,FAQ086,0,1
TEST,pre_CE,60,FAQ086,0,1
TEST,pre_CE,70,FAQ086,1,1
TEST,pre_CE,75,FAQ086,1,1
TEST,post_CE,10,FAQ086,1,1
TEST,post_CE,20,FAQ086,1,1
TEST,post_CE,30,FAQ086,1,1
TEST,post_CE,40,FAQ086,1,1
TEST,post_CE,50,FAQ086,1,1
TEST,post_CE,60,FAQ086,1,1
TEST,post_CE,70,FAQ086,1,1
TEST,post_CE,75,FAQ086,1,1
TEST,pre_CE,10,FAQ087,1,1
TEST,pre_CE,20,FAQ087,1,1
TEST,pre_CE,30,FAQ087,1,1
TEST,pre_CE,40,FAQ087,1,1
TEST,pre_CE,50,FAQ087,1,1
TEST,pre_CE,60,FAQ087,1,1
TEST,pre_CE,70,FAQ087,1,1
TEST,pre_CE,75,FAQ087,1,1
TEST,post_CE,10,FAQ087,1,1
TEST,post_CE,20,FAQ087,1,1
TEST,post_CE,30,FAQ087,1,1
TEST,post_CE,40,FAQ087,1,1
TEST,post_CE,50,FAQ087,1,1
TEST,post_CE,60,FAQ087,1,1
TEST,post_CE,70,FAQ087,1,1
TEST,post_CE,75,FAQ087,1,1
TEST,pre_CE,10,FAQ088,0,1
TEST,pre_CE,20,FAQ088,1,1
TEST,pre_CE,30,FAQ088,1,1
TEST,pre_CE,40,FAQ088,1,1
TEST,pre_CE,50,FAQ088,1,1
TEST,pre_CE,60,FAQ088,1,1
TEST,pre_CE,70,FAQ088,1,1
TEST,pre_CE,75,FAQ088,1,1
TEST,post_CE,10,FAQ088,1,1
TEST,post_CE,20,FAQ088,1,1
TEST,post_CE,30,FAQ088,1,1
TEST,post_CE,40,FAQ088,1,1
TEST,post_CE,50,FAQ088,1,1
TEST,post_CE,60,FAQ088,1,1
TEST,post_CE,70,FAQ088,1,1
TEST,post_CE,75,FAQ088,1,1
TEST,pre_CE,10,FAQ089,1,1
TEST,pre_CE,20,FAQ089,1,1
TEST,pre_CE,30,FAQ089,1,1
TEST,pre_CE,40,FAQ089,1,1
TEST,pre_CE,50,FAQ089,1,1
TEST,pre_CE,60,FAQ089,1,1
TEST,pre_CE,70,FAQ089,1,1
TEST,pre_CE,75,FAQ089,1,1
TEST,post_CE,10,FAQ089,1,1
TEST,post_CE,20,FAQ089,1,1
TEST,post_CE,30,FAQ089,1,1
TEST,post_CE,40,FAQ089,1,1
TEST,post_CE,50,FAQ089,1,1
TEST,post_CE,60,FAQ089,1,1
TEST,post_CE,70,FAQ089,1,1
TEST,post_CE,75,FAQ089,1,1
TEST,pre_CE,10,FAQ090,1,1
TEST,pre_CE,20,FAQ090,1,1
TEST,pre_CE,30,FAQ090,1,1
TEST,pre_CE,40,FAQ090,1,1
TEST,pre_CE,50,FAQ090,1,1
TEST,pre_CE,60,FAQ090,1,1
TEST,pre_CE,70,FAQ090,1,1
TEST,pre_CE,75,FAQ090,1,1
TEST,post_CE,10,FAQ090,1,1
TEST,post_CE,20,FAQ090,1,1
TEST,post_CE,30,FAQ090,1,1
TEST,post_CE,40,FAQ090,1,1
TEST,post_CE,50,FAQ090,1,1
TEST,post_CE,60,FAQ090,1,1
TEST,post_CE,70,FAQ090,1,1
TEST,post_CE,75,FAQ090,1,1
TEST,pre_CE,10,EXP_PPN001,0,2
TEST,pre_CE,20,EXP_PPN001,0,2
TEST,pre_CE,30,EXP_PPN001,1,2
TEST,pre_CE,40,EXP_PPN001,2,2
TEST,pre_CE,50,EXP_PPN001,2,2
TEST,pre_CE,60,EXP_PPN001,2,2
TEST,pre_CE,70,EXP_PPN001,2,2
TEST,pre_CE,75,EXP_PPN001,2,2
TEST,post_CE,10,EXP_PPN001,0,2
TEST,post_CE,20,EXP_PPN001,0,2
TEST,post_CE,30,EXP_PPN001,1,2
TEST,post_CE,40,EXP_PPN001,1,2
TEST,post_CE,50,EXP_PPN001,2,2
TEST,post_CE,60,EXP_PPN001,2,2
TEST,post_CE,70,EXP_PPN001,2,2
TEST,post_CE,75,EXP_PPN001,2,2
TEST,pre_CE,10,EXP_PPN003,1,1
TEST,pre_CE,20,EXP_PPN003,1,1
TEST,pre_CE,30,EXP_PPN003,1,1
TEST,pre_CE,40,EXP_PPN003,1,1
TEST,pre_CE,50,EXP_PPN003,1,1
TEST,pre_CE,60,EXP_PPN003,1,1
TEST,pre_CE,70,EXP_PPN003,1,1
TEST,pre_CE,75,EXP_PPN003,1,1
TEST,post_CE,10,EXP_PPN003,1,1
TEST,post_CE,20,EXP_PPN003,1,1
TEST,post_CE,30,EXP_PPN003,1,1
TEST,post_CE,40,EXP_PPN003,1,1
TEST,post_CE,50,EXP_PPN003,1,1
TEST,post_CE,60,EXP_PPN003,1,1
TEST,post_CE,70,EXP_PPN003,1,1
TEST,post_CE,75,EXP_PPN003,1,1
TEST,pre_CE,10,EXP_PPN006,1,2
TEST,pre_CE,20,EXP_PPN006,1,2
TEST,pre_CE,30,EXP_PPN006,1,2
TEST,pre_CE,40,EXP_PPN006,1,2
TEST,pre_CE,50,EXP_PPN006,1,2
TEST,pre_CE,60,EXP_PPN006,1,2
TEST,pre_CE,70,EXP_PPN006,1,2
TEST,pre_CE,75,EXP_PPN006,1,2
TEST,post_CE,10,EXP_PPN006,1,2
TEST,post_CE,20,EXP_PPN006,1,2
TEST,post_CE,30,EXP_PPN006,1,2
TEST,post_CE,40,EXP_PPN006,1,2
TEST,post_CE,50,EXP_PPN006,1,2
TEST,post_CE,60,EXP_PPN006,1,2
TEST,post_CE,70,EXP_PPN006,1,2
TEST,post_CE,75,EXP_PPN006,1,2
TEST,pre_CE,10,EXP_PPN009,2,2
TEST,pre_CE,20,EXP_PPN009,2,2
TEST,pre_CE,30,EXP_PPN009,2,2
TEST,pre_CE,40,EXP_PPN009,2,2
TEST,pre_CE,50,EXP_PPN009,2,2
TEST,pre_CE,60,EXP_PPN009,2,2
TEST,pre_CE,70,EXP_PPN009,2,2
TEST,pre_CE,75,EXP_PPN009,2,2
TEST,post_CE,10,EXP_PPN009,2,2
TEST,post_CE,20,EXP_PPN009,2,2
TEST,post_CE,30,EXP_PPN009,2,2
TEST,post_CE,40,EXP_PPN009,2,2
TEST,post_CE,50,EXP_PPN009,2,2
TEST,post_CE,60,EXP_PPN009,2,2
TEST,post_CE,70,EXP_PPN009,2,2
TEST,post_CE,75,EXP_PPN009,2,2
TEST,pre_CE,10,EXP_REG006,2,2
TEST,pre_CE,20,EXP_REG006,2,2
TEST,pre_CE,30,EXP_REG006,2,2
TEST,pre_CE,40,EXP_REG006,2,2
TEST,pre_CE,50,EXP_REG006,2,2
TEST,pre_CE,60,EXP_REG006,2,2
TEST,pre_CE,70,EXP_REG006,2,2
TEST,pre_CE,75,EXP_REG006,2,2
TEST,post_CE,10,EXP_REG006,1,2
TEST,post_CE,20,EXP_REG006,2,2
TEST,post_CE,30,EXP_REG006,2,2
TEST,post_CE,40,EXP_REG006,2,2
TEST,post_CE,50,EXP_REG006,2,2
TEST,post_CE,60,EXP_REG006,2,2
TEST,post_CE,70,EXP_REG006,2,2
TEST,post_CE,75,EXP_REG006,2,2
TEST,pre_CE,10,EXP_GUID001,2,2
TEST,pre_CE,20,EXP_GUID001,2,2
TEST,pre_CE,30,EXP_GUID001,2,2
TEST,pre_CE,40,EXP_GUID001,2,2
TEST,pre_CE,50,EXP_GUID001,2,2
TEST,pre_CE,60,EXP_GUID001,2,2
TEST,pre_CE,70,EXP_GUID001,2,2
TEST,pre_CE,75,EXP_GUID001,2,2
TEST,post_CE,10,EXP_GUID001,2,2
TEST,post_CE,20,EXP_GUID001,2,2
TEST,post_CE,30,EXP_GUID001,2,2
TEST,post_CE,40,EXP_GUID001,2,2
TEST,post_CE,50,EXP_GUID001,2,2
TEST,post_CE,60,EXP_GUID001,2,2
TEST,post_CE,70,EXP_GUID001,2,2
TEST,post_CE,75,EXP_GUID001,2,2
TEST,pre_CE,10,EXP_GUID002,2,2
TEST,pre_CE,20,EXP_GUID002,2,2
TEST,pre_CE,30,EXP_GUID002,2,2
TEST,pre_CE,40,EXP_GUID002,2,2
TEST,pre_CE,50,EXP_GUID002,2,2
TEST,pre_CE,60,EXP_GUID002,2,2
TEST,pre_CE,70,EXP_GUID002,2,2
TEST,pre_CE,75,EXP_GUID002,2,2
TEST,post_CE,10,EXP_GUID002,2,2
TEST,post_CE,20,EXP_GUID002,2,2
TEST,post_CE,30,EXP_GUID002,2,2
TEST,post_CE,40,EXP_GUID002,2,2
TEST,post_CE,50,EXP_GUID002,2,2
TEST,post_CE,60,EXP_GUID002,2,2
TEST,post_CE,70,EXP_GUID002,2,2
TEST,post_CE,75,EXP_GUID002,2,2
TEST,pre_CE,10,EXP_GUID003,1,2
TEST,pre_CE,20,EXP_GUID003,1,2
TEST,pre_CE,30,EXP_GUID003,1,2
TEST,pre_CE,40,EXP_GUID003,1,2
TEST,pre_CE,50,EXP_GUID003,1,2
TEST,pre_CE,60,EXP_GUID003,1,2
TEST,pre_CE,70,EXP_GUID003,2,2
TEST,pre_CE,75,EXP_GUID003,2,2
TEST,post_CE,10,EXP_GUID003,2,2
TEST,post_CE,20,EXP_GUID003,2,2
TEST,post_CE,30,EXP_GUID003,2,2
TEST,post_CE,40,EXP_GUID003,2,2
TEST,post_CE,50,EXP_GUID003,2,2
TEST,post_CE,60,EXP_GUID003,2,2
TEST,post_CE,70,EXP_GUID003,2,2
TEST,post_CE,75,EXP_GUID003,2,2
TEST,pre_CE,10,EXP_GUID004,0,2
TEST,pre_CE,20,EXP_GUID004,0,2
TEST,pre_CE,30,EXP_GUID004,0,2
TEST,pre_CE,40,EXP_GUID004,1,2
TEST,pre_CE,50,EXP_GUID004,2,2
TEST,pre_CE,60,EXP_GUID004,2,2
TEST,pre_CE,70,EXP_GUID004,2,2
TEST,pre_CE,75,EXP_GUID004,2,2
TEST,post_CE,10,EXP_GUID004,1,2
TEST,post_CE,20,EXP_GUID004,1,2
TEST,post_CE,30,EXP_GUID004,1,2
TEST,post_CE,40,EXP_GUID004,2,2
TEST,post_CE,50,EXP_GUID004,2,2
TEST,post_CE,60,EXP_GUID004,2,2
TEST,post_CE,70,EXP_GUID004,2,2
TEST,post_CE,75,EXP_GUID004,2,2
TEST,pre_CE,10,EXP_GUID008,1,2
TEST,pre_CE,20,EXP_GUID008,1,2
TEST,pre_CE,30,EXP_GUID008,2,2
TEST,pre_CE,40,EXP_GUID008,2,2
TEST,pre_CE,50,EXP_GUID008,2,2
TEST,pre_CE,60,EXP_GUID008,2,2
TEST,pre_CE,70,EXP_GUID008,2,2
TEST,pre_CE,75,EXP_GUID008,2,2
TEST,post_CE,10,EXP_GUID008,1,2
TEST,post_CE,20,EXP_GUID008,1,2
TEST,post_CE,30,EXP_GUID008,2,2
TEST,post_CE,40,EXP_GUID008,2,2
TEST,post_CE,50,EXP_GUID008,2,2
TEST,post_CE,60,EXP_GUID008,2,2
TEST,post_CE,70,EXP_GUID008,2,2
TEST,post_CE,75,EXP_GUID008,2,2
TEST,pre_CE,10,EXP_GUID012,1,1
TEST,pre_CE,20,EXP_GUID012,1,1
TEST,pre_CE,30,EXP_GUID012,1,1
TEST,pre_CE,40,EXP_GUID012,1,1
TEST,pre_CE,50,EXP_GUID012,1,1
TEST,pre_CE,60,EXP_GUID012,1,1
TEST,pre_CE,70,EXP_GUID012,1,1
TEST,pre_CE,75,EXP_GUID012,1,1
TEST,post_CE,10,EXP_GUID012,1,1
TEST,post_CE,20,EXP_GUID012,1,1
TEST,post_CE,30,EXP_GUID012,1,1
TEST,post_CE,40,EXP_GUID012,1,1
TEST,post_CE,50,EXP_GUID012,1,1
TEST,post_CE,60,EXP_GUID012,1,1
TEST,post_CE,70,EXP_GUID012,1,1
TEST,post_CE,75,EXP_GUID012,1,1
TEST,pre_CE,10,EXP_WORK001,2,2
TEST,pre_CE,20,EXP_WORK001,2,2
TEST,pre_CE,30,EXP_WORK001,2,2
TEST,pre_CE,40,EXP_WORK001,2,2
TEST,pre_CE,50,EXP_WORK001,2,2
TEST,pre_CE,60,EXP_WORK001,2,2
TEST,pre_CE,70,EXP_WORK001,2,2
TEST,pre_CE,75,EXP_WORK001,2,2
TEST,post_CE,10,EXP_WORK001,2,2
TEST,post_CE,20,EXP_WORK001,2,2
TEST,post_CE,30,EXP_WORK001,2,2
TEST,post_CE,40,EXP_WORK001,2,2
TEST,post_CE,50,EXP_WORK001,2,2
TEST,post_CE,60,EXP_WORK001,2,2
TEST,post_CE,70,EXP_WORK001,2,2
TEST,post_CE,75,EXP_WORK001,2,2
TEST,pre_CE,10,EXP_WORK005,2,3
TEST,pre_CE,20,EXP_WORK005,2,3
TEST,pre_CE,30,EXP_WORK005,2,3
TEST,pre_CE,40,EXP_WORK005,2,3
TEST,pre_CE,50,EXP_WORK005,2,3
TEST,pre_CE,60,EXP_WORK005,2,3
TEST,pre_CE,70,EXP_WORK005,2,3
TEST,pre_CE,75,EXP_WORK005,2,3
TEST,post_CE,10,EXP_WORK005,2,3
TEST,post_CE,20,EXP_WORK005,2,3
TEST,post_CE,30,EXP_WORK005,2,3
TEST,post_CE,40,EXP_WORK005,2,3
TEST,post_CE,50,EXP_WORK005,2,3
TEST,post_CE,60,EXP_WORK005,2,3
TEST,post_CE,70,EXP_WORK005,2,3
TEST,post_CE,75,EXP_WORK005,2,3
TEST,pre_CE,10,EXP_WORK006,2,2
TEST,pre_CE,20,EXP_WORK006,2,2
TEST,pre_CE,30,EXP_WORK006,2,2
TEST,pre_CE,40,EXP_WORK006,2,2
TEST,pre_CE,50,EXP_WORK006,2,2
TEST,pre_CE,60,EXP_WORK006,2,2
TEST,pre_CE,70,EXP_WORK006,2,2
TEST,pre_CE,75,EXP_WORK006,2,2
TEST,post_CE,10,EXP_WORK006,2,2
TEST,post_CE,20,EXP_WORK006,2,2
TEST,post_CE,30,EXP_WORK006,2,2
TEST,post_CE,40,EXP_WORK006,2,2
TEST,post_CE,50,EXP_WORK006,2,2
TEST,post_CE,60,EXP_WORK006,2,2
TEST,post_CE,70,EXP_WORK006,2,2
TEST,post_CE,75,EXP_WORK006,2,2
TEST,pre_CE,10,EXP_WORK009,1,1
TEST,pre_CE,20,EXP_WORK009,1,1
TEST,pre_CE,30,EXP_WORK009,1,1
TEST,pre_CE,40,EXP_WORK009,1,1
TEST,pre_CE,50,EXP_WORK009,1,1
TEST,pre_CE,60,EXP_WORK009,1,1
TEST,pre_CE,70,EXP_WORK009,1,1
TEST,pre_CE,75,EXP_WORK009,1,1
TEST,post_CE,10,EXP_WORK009,1,1
TEST,post_CE,20,EXP_WORK009,1,1
TEST,post_CE,30,EXP_WORK009,1,1
TEST,post_CE,40,EXP_WORK009,1,1
TEST,post_CE,50,EXP_WORK009,1,1
TEST,post_CE,60,EXP_WORK009,1,1
TEST,post_CE,70,EXP_WORK009,1,1
TEST,post_CE,75,EXP_WORK009,1,1
TEST,pre_CE,10,EXP_WORK010,1,1
TEST,pre_CE,20,EXP_WORK010,1,1
TEST,pre_CE,30,EXP_WORK010,1,1
TEST,pre_CE,40,EXP_WORK010,1,1
TEST,pre_CE,50,EXP_WORK010,1,1
TEST,pre_CE,60,EXP_WORK010,1,1
TEST,pre_CE,70,EXP_WORK010,1,1
TEST,pre_CE,75,EXP_WORK010,1,1
TEST,post_CE,10,EXP_WORK010,1,1
TEST,post_CE,20,EXP_WORK010,1,1
TEST,post_CE,30,EXP_WORK010,1,1
TEST,post_CE,40,EXP_WORK010,1,1
TEST,post_CE,50,EXP_WORK010,1,1
TEST,post_CE,60,EXP_WORK010,1,1
TEST,post_CE,70,EXP_WORK010,1,1
TEST,post_CE,75,EXP_WORK010,1,1
TEST,pre_CE,10,EXP_TRANS002,2,2
TEST,pre_CE,20,EXP_TRANS002,2,2
TEST,pre_CE,30,EXP_TRANS002,2,2
TEST,pre_CE,40,EXP_TRANS002,2,2
TEST,pre_CE,50,EXP_TRANS002,2,2
TEST,pre_CE,60,EXP_TRANS002,2,2
TEST,pre_CE,70,EXP_TRANS002,2,2
TEST,pre_CE,75,EXP_TRANS002,2,2
TEST,post_CE,10,EXP_TRANS002,2,2
TEST,post_CE,20,EXP_TRANS002,2,2
TEST,post_CE,30,EXP_TRANS002,2,2
TEST,post_CE,40,EXP_TRANS002,2,2
TEST,post_CE,50,EXP_TRANS002,2,2
TEST,post_CE,60,EXP_TRANS002,2,2
TEST,post_CE,70,EXP_TRANS002,2,2
TEST,post_CE,75,EXP_TRANS002,2,2
TEST,pre_CE,10,EXP_TRANS003,1,2
TEST,pre_CE,20,EXP_TRANS003,2,2
TEST,pre_CE,30,EXP_TRANS003,2,2
TEST,pre_CE,40,EXP_TRANS003,2,2
TEST,pre_CE,50,EXP_TRANS003,2,2
TEST,pre_CE,60,EXP_TRANS003,2,2
TEST,pre_CE,70,EXP_TRANS003,2,2
TEST,pre_CE,75,EXP_TRANS003,2,2
TEST,post_CE,10,EXP_TRANS003,1,2
TEST,post_CE,20,EXP_TRANS003,1,2
TEST,post_CE,30,EXP_TRANS003,2,2
TEST,post_CE,40,EXP_TRANS003,2,2
TEST,post_CE,50,EXP_TRANS003,2,2
TEST,post_CE,60,EXP_TRANS003,2,2
TEST,post_CE,70,EXP_TRANS003,2,2
TEST,post_CE,75,EXP_TRANS003,2,2
TEST,pre_CE,10,EXP_TRANS004,0,1
TEST,pre_CE,20,EXP_TRANS004,0,1
TEST,pre_CE,30,EXP_TRANS004,0,1
TEST,pre_CE,40,EXP_TRANS004,1,1
TEST,pre_CE,50,EXP_TRANS004,1,1
TEST,pre_CE,60,EXP_TRANS004,1,1
TEST,pre_CE,70,EXP_TRANS004,1,1
TEST,pre_CE,75,EXP_TRANS004,1,1
TEST,post_CE,10,EXP_TRANS004,0,1
TEST,post_CE,20,EXP_TRANS004,0,1
TEST,post_CE,30,EXP_TRANS004,0,1
TEST,post_CE,40,EXP_TRANS004,0,1
TEST,post_CE,50,EXP_TRANS004,1,1
TEST,post_CE,60,EXP_TRANS004,1,1
TEST,post_CE,70,EXP_TRANS004,1,1
TEST,post_CE,75,EXP_TRANS004,1,1
TEST,pre_CE,10,EXP_TRANS008,0,1
TEST,pre_CE,20,EXP_TRANS008,1,1
TEST,pre_CE,30,EXP_TRANS008,1,1
TEST,pre_CE,40,EXP_TRANS008,1,1
TEST,pre_CE,50,EXP_TRANS008,1,1
TEST,pre_CE,60,EXP_TRANS008,1,1
TEST,pre_CE,70,EXP_TRANS008,1,1
TEST,pre_CE,75,EXP_TRANS008,1,1
TEST,post_CE,10,EXP_TRANS008,1,1
TEST,post_CE,20,EXP_TRANS008,1,1
TEST,post_CE,30,EXP_TRANS008,1,1
TEST,post_CE,40,EXP_TRANS008,1,1
TEST,post_CE,50,EXP_TRANS008,1,1
TEST,post_CE,60,EXP_TRANS008,1,1
TEST,post_CE,70,EXP_TRANS008,1,1
TEST,post_CE,75,EXP_TRANS008,1,1
TEST,pre_CE,10,EXP_TRANS009,2,2
TEST,pre_CE,20,EXP_TRANS009,2,2
TEST,pre_CE,30,EXP_TRANS009,2,2
TEST,pre_CE,40,EXP_TRANS009,2,2
TEST,pre_CE,50,EXP_TRANS009,2,2
TEST,pre_CE,60,EXP_TRANS009,2,2
TEST,pre_CE,70,EXP_TRANS009,2,2
TEST,pre_CE,75,EXP_TRANS009,2,2
TEST,post_CE,10,EXP_TRANS009,2,2
TEST,post_CE,20,EXP_TRANS009,2,2
TEST,post_CE,30,EXP_TRANS009,2,2
TEST,post_CE,40,EXP_TRANS009,2,2
TEST,post_CE,50,EXP_TRANS009,2,2
TEST,post_CE,60,EXP_TRANS009,2,2
TEST,post_CE,70,EXP_TRANS009,2,2
TEST,post_CE,75,EXP_TRANS009,2,2
TEST,pre_CE,10,EXP_SEC006,1,3
TEST,pre_CE,20,EXP_SEC006,2,3
TEST,pre_CE,30,EXP_SEC006,2,3
TEST,pre_CE,40,EXP_SEC006,2,3
TEST,pre_CE,50,EXP_SEC006,2,3
TEST,pre_CE,60,EXP_SEC006,2,3
TEST,pre_CE,70,EXP_SEC006,2,3
TEST,pre_CE,75,EXP_SEC006,2,3
TEST,post_CE,10,EXP_SEC006,1,3
TEST,post_CE,20,EXP_SEC006,1,3
TEST,post_CE,30,EXP_SEC006,2,3
TEST,post_CE,40,EXP_SEC006,2,3
TEST,post_CE,50,EXP_SEC006,2,3
TEST,post_CE,60,EXP_SEC006,2,3
TEST,post_CE,70,EXP_SEC006,2,3
TEST,post_CE,75,EXP_SEC006,2,3
TEST,pre_CE,10,EXP_SEC007,1,2
TEST,pre_CE,20,EXP_SEC007,2,2
TEST,pre_CE,30,EXP_SEC007,2,2
TEST,pre_CE,40,EXP_SEC007,2,2
TEST,pre_CE,50,EXP_SEC007,2,2
TEST,pre_CE,60,EXP_SEC007,2,2
TEST,pre_CE,70,EXP_SEC007,2,2
TEST,pre_CE,75,EXP_SEC007,2,2
TEST,post_CE,10,EXP_SEC007,2,2
TEST,post_CE,20,EXP_SEC007,2,2
TEST,post_CE,30,EXP_SEC007,2,2
TEST,post_CE,40,EXP_SEC007,2,2
TEST,post_CE,50,EXP_SEC007,2,2
TEST,post_CE,60,EXP_SEC007,2,2
TEST,post_CE,70,EXP_SEC007,2,2
TEST,post_CE,75,EXP_SEC007,2,2
TEST,pre_CE,10,EXP_SEC010,0,1
TEST,pre_CE,20,EXP_SEC010,0,1
TEST,pre_CE,30,EXP_SEC010,1,1
TEST,pre_CE,40,EXP_SEC010,1,1
TEST,pre_CE,50,EXP_SEC010,1,1
TEST,pre_CE,60,EXP_SEC010,1,1
TEST,pre_CE,70,EXP_SEC010,1,1
TEST,pre_CE,75,EXP_SEC010,1,1
TEST,post_CE,10,EXP_SEC010,1,1
TEST,post_CE,20,EXP_SEC010,1,1
TEST,post_CE,30,EXP_SEC010,1,1
TEST,post_CE,40,EXP_SEC010,1,1
TEST,post_CE,50,EXP_SEC010,1,1
TEST,post_CE,60,EXP_SEC010,1,1
TEST,post_CE,70,EXP_SEC010,1,1
TEST,post_CE,75,EXP_SEC010,1,1
TEST,pre_CE,10,EXP_SEC011,2,3
TEST,pre_CE,20,EXP_SEC011,2,3
TEST,pre_CE,30,EXP_SEC011,2,3
TEST,pre_CE,40,EXP_SEC011,2,3
TEST,pre_CE,50,EXP_SEC011,2,3
TEST,pre_CE,60,EXP_SEC011,2,3
TEST,pre_CE,70,EXP_SEC011,2,3
TEST,pre_CE,75,EXP_SEC011,2,3
TEST,post_CE,10,EXP_SEC011,2,3
TEST,post_CE,20,EXP_SEC011,2,3
TEST,post_CE,30,EXP_SEC011,2,3
TEST,post_CE,40,EXP_SEC011,2,3
TEST,post_CE,50,EXP_SEC011,2,3
TEST,post_CE,60,EXP_SEC011,2,3
TEST,post_CE,70,EXP_SEC011,2,3
TEST,post_CE,75,EXP_SEC011,2,3
TEST,pre_CE,10,EXP_SEC012,1,1
TEST,pre_CE,20,EXP_SEC012,1,1
TEST,pre_CE,30,EXP_SEC012,1,1
TEST,pre_CE,40,EXP_SEC012,1,1
TEST,pre_CE,50,EXP_SEC012,1,1
TEST,pre_CE,60,EXP_SEC012,1,1
TEST,pre_CE,70,EXP_SEC012,1,1
TEST,pre_CE,75,EXP_SEC012,1,1
TEST,post_CE,10,EXP_SEC012,1,1
TEST,post_CE,20,EXP_SEC012,1,1
TEST,post_CE,30,EXP_SEC012,1,1
TEST,post_CE,40,EXP_SEC012,1,1
TEST,post_CE,50,EXP_SEC012,1,1
TEST,post_CE,60,EXP_SEC012,1,1
TEST,post_CE,70,EXP_SEC012,1,1
TEST,post_CE,75,EXP_SEC012,1,1
TEST,pre_CE,10,EXP_SEC014,1,1
TEST,pre_CE,20,EXP_SEC014,1,1
TEST,pre_CE,30,EXP_SEC014,1,1
TEST,pre_CE,40,EXP_SEC014,1,1
TEST,pre_CE,50,EXP_SEC014,1,1
TEST,pre_CE,60,EXP_SEC014,1,1
TEST,pre_CE,70,EXP_SEC014,1,1
TEST,pre_CE,75,EXP_SEC014,1,1
TEST,post_CE,10,EXP_SEC014,1,1
TEST,post_CE,20,EXP_SEC014,1,1
TEST,post_CE,30,EXP_SEC014,1,1
TEST,post_CE,40,EXP_SEC014,1,1
TEST,post_CE,50,EXP_SEC014,1,1
TEST,post_CE,60,EXP_SEC014,1,1
TEST,post_CE,70,EXP_SEC014,1,1
TEST,post_CE,75,EXP_SEC014,1,1
TEST,pre_CE,10,EXP_SEC016,1,1
TEST,pre_CE,20,EXP_SEC016,1,1
TEST,pre_CE,30,EXP_SEC016,1,1
TEST,pre_CE,40,EXP_SEC016,1,1
TEST,pre_CE,50,EXP_SEC016,1,1
TEST,pre_CE,60,EXP_SEC016,1,1
TEST,pre_CE,70,EXP_SEC016,1,1
TEST,pre_CE,75,EXP_SEC016,1,1
TEST,post_CE,10,EXP_SEC016,1,1
TEST,post_CE,20,EXP_SEC016,1,1
TEST,post_CE,30,EXP_SEC016,1,1
TEST,post_CE,40,EXP_SEC016,1,1
TEST,post_CE,50,EXP_SEC016,1,1
TEST,post_CE,60,EXP_SEC016,1,1
TEST,post_CE,70,EXP_SEC016,1,1
TEST,post_CE,75,EXP_SEC016,1,1
