split,stage,lane,k,n_scenarios,precision_at_k_mean,ndcg_at_k_mean
DEV,post_CE,legislation,10,88,0.11022727272727274,0.5716821860796515
DEV,post_CE,legislation,20,88,0.06420454545454546,0.5980178871828934
DEV,post_CE,legislation,30,88,0.045075757575757575,0.6058040745983408
DEV,post_CE,legislation,40,88,0.035227272727272725,0.6151140206468853
DEV,post_CE,legislation,50,88,0.02909090909090909,0.6185908959629907
DEV,post_CE,legislation,60,88,0.025,0.6239173439299125
DEV,post_CE,legislation,70,88,0.02159090909090909,0.624659510431817
DEV,post_CE,legislation,75,88,0.020303030303030305,0.6264782953551673
DEV,post_CE,other,10,27,0.07407407407407407,0.2936083593504755
DEV,post_CE,other,20,27,0.046296296296296294,0.3339700301274065
DEV,post_CE,other,30,27,0.03333333333333333,0.34254215100185365
DEV,post_CE,other,40,27,0.028703703703703703,0.36224207693233834
DEV,post_CE,other,50,27,0.022962962962962963,0.36224207693233834
DEV,post_CE,other,60,27,0.019753086419753086,0.3685917658424832
DEV,post_CE,other,70,27,0.01746031746031746,0.3747880687613786
DEV,post_CE,other,75,27,0.016296296296296295,0.3747880687613786
DEV,pre_CE,legislation,10,88,0.09545454545454546,0.47110838882060246
DEV,pre_CE,legislation,20,88,0.05965909090909091,0.5146737867395709
DEV,pre_CE,legislation,30,88,0.043560606060606064,0.5281318797771252
DEV,pre_CE,legislation,40,88,0.03409090909090909,0.5347733811387588
DEV,pre_CE,legislation,50,88,0.028181818181818183,0.5377078690166189
DEV,pre_CE,legislation,60,88,0.023863636363636365,0.5397930274580774
DEV,pre_CE,legislation,70,88,0.021103896103896104,0.5453425709947677
DEV,pre_CE,legislation,75,88,0.020303030303030305,0.5502839889903799
DEV,pre_CE,other,10,27,0.06666666666666667,0.2995216783307783
DEV,pre_CE,other,20,27,0.0425925925925926,0.3346417648156074
DEV,pre_CE,other,30,27,0.03209876543209877,0.35412439575021676
DEV,pre_CE,other,40,27,0.026851851851851852,0.36887280711104525
DEV,pre_CE,other,50,27,0.021481481481481483,0.36887280711104525
DEV,pre_CE,other,60,27,0.019753086419753086,0.38316893368355837
DEV,pre_CE,other,70,27,0.01746031746031746,0.3893652366024537
DEV,pre_CE,other,75,27,0.016296296296296295,0.3893652366024537
TEST,post_CE,legislation,10,89,0.10449438202247192,0.5437399585236088
TEST,post_CE,legislation,20,89,0.058426966292134834,0.562340179459895
TEST,post_CE,legislation,30,89,0.04157303370786517,0.572358478369117
TEST,post_CE,legislation,40,89,0.032303370786516857,0.578544527686142
TEST,post_CE,legislation,50,89,0.02696629213483146,0.5863385798012593
TEST,post_CE,legislation,60,89,0.022659176029962546,0.5875413364308921
TEST,post_CE,legislation,70,89,0.01958266452648475,0.5886852875336182
TEST,post_CE,legislation,75,89,0.018277153558052435,0.5886852875336182
TEST,post_CE,other,10,24,0.05833333333333334,0.3028762382859352
TEST,post_CE,other,20,24,0.0375,0.3255219285121946
TEST,post_CE,other,30,24,0.03333333333333333,0.364644405635052
TEST,post_CE,other,40,24,0.027083333333333334,0.37671648832636534
TEST,post_CE,other,50,24,0.024166666666666666,0.39079693247733055
TEST,post_CE,other,60,24,0.02013888888888889,0.39079693247733055
TEST,post_CE,other,70,24,0.01726190476190476,0.39079693247733055
TEST,post_CE,other,75,24,0.016111111111111114,0.39079693247733055
TEST,pre_CE,legislation,10,89,0.09325842696629215,0.44538724108412175
TEST,pre_CE,legislation,20,89,0.055056179775280906,0.47352544109343364
TEST,pre_CE,legislation,30,89,0.039700374531835204,0.48788121236642706
TEST,pre_CE,legislation,40,89,0.03146067415730337,0.4968321181380761
TEST,pre_CE,legislation,50,89,0.025842696629213482,0.5005938746202729
TEST,pre_CE,legislation,60,89,0.022097378277153558,0.5037006006807315
TEST,pre_CE,legislation,70,89,0.019422150882825038,0.5070005963669342
TEST,pre_CE,legislation,75,89,0.018277153558052435,0.5088100881844223
TEST,pre_CE,other,10,24,0.05833333333333334,0.26417772248104693
TEST,pre_CE,other,20,24,0.0375,0.292007090777808
TEST,pre_CE,other,30,24,0.030555555555555555,0.31629993473206625
TEST,pre_CE,other,40,24,0.025000000000000005,0.32319973956884623
TEST,pre_CE,other,50,24,0.021666666666666667,0.33549490961772505
TEST,pre_CE,other,60,24,0.01875,0.34263830964163805
TEST,pre_CE,other,70,24,0.01726190476190476,0.35275387149986526
TEST,pre_CE,other,75,24,0.016111111111111114,0.35275387149986526
