ce_n,ce_min,ce_max,ce_mean,ce_median,ce_sd,ce_iqr,ce_q05,ce_q10,ce_q25,ce_q50,ce_q75,ce_q90,ce_q95,group
167,0.5000196099281311,0.7285303473472595,0.5726459365405009,0.5348808765411377,0.07517850857798115,0.13082069158554077,0.5003202140331269,0.5006981730461121,0.5067060887813568,0.5348808765411377,0.6375267803668976,0.6951395630836487,0.7124117314815521,essential_gold
31,0.5002138018608093,0.716134250164032,0.5986649913172568,0.5944491028785706,0.07710889133824439,0.15328150987625122,0.5012455582618713,0.5018293857574463,0.5156616568565369,0.5944491028785706,0.6689431667327881,0.7001363039016724,0.7082325220108032,supporting_gold
15399,0.5000039935112,0.7310419678688049,0.5357838308039373,0.5046404600143433,0.05981892156321472,0.0402773916721344,0.500036895275116,0.5000944137573242,0.5004972815513611,0.5046404600143433,0.5407746732234955,0.6383692383766175,0.6902205169200896,non_gold
3,0.5009349584579468,0.5086742043495178,0.503852128982544,0.5019472241401672,0.0042065994088375585,0.0038696229457855225,0.5010361850261689,0.5011374115943908,0.501441091299057,0.5019472241401672,0.5053107142448425,0.5073288083076477,0.5080015063285828,wrong_regime
5506,0.500005304813385,0.7308139204978943,0.5652808128185286,0.5329249203205109,0.0709754077440971,0.10594281554222107,0.5006140470504761,0.5015411078929901,0.5067730396986008,0.5329249203205109,0.6127158552408218,0.6895860433578491,0.7133903950452805,source:official_guidance
5100,0.5000039935112,0.7270095348358154,0.5057154002610375,0.5004257559776306,0.019934163372168467,0.0019355714321136475,0.5000117391347885,0.500026261806488,0.5000958293676376,0.5004257559776306,0.5020314007997513,0.5105364739894868,0.5276996970176697,source:primary_legislation
1280,0.5000317692756653,0.7310419678688049,0.5729094948153943,0.5419512093067169,0.07699290843071765,0.12228100001811981,0.500609615445137,0.5012826323509216,0.5071990936994553,0.5419512093067169,0.6294800937175751,0.7119656026363373,0.7258235812187195,source:professional_interpretation
84,0.5000191330909729,0.7084949016571045,0.5341136221374784,0.5078701674938202,0.05404349241601647,0.0327102392911911,0.5001919209957123,0.5003887772560119,0.5024762451648712,0.5078701674938202,0.5351864844560623,0.6248845100402832,0.6643716722726821,source:regulator_guidance
2700,0.5000041723251343,0.7261748313903809,0.5113997538663723,0.5015304684638977,0.027654420307383173,0.007323816418647766,0.5000624030828476,0.500114917755127,0.5003631412982941,0.5015304684638977,0.5076869577169418,0.5294963836669921,0.5638124018907547,source:secondary_legislation
930,0.5000054836273193,0.7289026379585266,0.5544984121476451,0.5262886583805084,0.06416418802043095,0.07722176611423492,0.5005127340555191,0.5013304769992828,0.5048617124557495,0.5262886583805084,0.5820834785699844,0.6652176618576051,0.6986257582902905,source:workflow
