variant,cutoff_label,k_leg,k_oth,numerator,denominator,value,legislation_side_coverage,nonlegislation_side_coverage,n_missing_legislation_only,n_missing_nonlegislation_only,n_missing_both
0_pre_CE_first_stage,DualEvidenceCoverage@25-per-lane,25,25,9,17,0.5294,0.7647,0.6471,2,4,2
1_baseline_raw_text_CE,DualEvidenceCoverage@25-per-lane,25,25,13,17,0.7647,1.0,0.7647,0,4,0
2_metadata_enriched_CE,DualEvidenceCoverage@25-per-lane,25,25,13,17,0.7647,1.0,0.7647,0,4,0
3_metadata_enriched_CE_fusion_lambda0.5,DualEvidenceCoverage@25-per-lane,25,25,12,17,0.7059,0.9412,0.7647,1,4,0
0_pre_CE_first_stage,DualEvidenceCoverage@10-per-lane,10,10,6,17,0.3529,0.6471,0.4706,2,5,4
1_baseline_raw_text_CE,DualEvidenceCoverage@10-per-lane,10,10,8,17,0.4706,0.8235,0.6471,3,6,0
2_metadata_enriched_CE,DualEvidenceCoverage@10-per-lane,10,10,8,17,0.4706,0.8824,0.5882,2,7,0
3_metadata_enriched_CE_fusion_lambda0.5,DualEvidenceCoverage@10-per-lane,10,10,7,17,0.4118,0.8824,0.5294,2,8,0
0_pre_CE_first_stage,DualEvidenceCoverage@10-budget-5+5,5,5,2,17,0.1176,0.4118,0.2941,3,5,7
1_baseline_raw_text_CE,DualEvidenceCoverage@10-budget-5+5,5,5,2,17,0.1176,0.6471,0.3529,4,9,2
2_metadata_enriched_CE,DualEvidenceCoverage@10-budget-5+5,5,5,5,17,0.2941,0.8235,0.4118,2,9,1
3_metadata_enriched_CE_fusion_lambda0.5,DualEvidenceCoverage@10-budget-5+5,5,5,3,17,0.1765,0.7059,0.3529,3,9,2
