metric,variant,numerator,denominator,value,unit,cutoff,lane_logic
CandidateRequirementRecall@75 (ceiling),pre-CE pool,142.0,155,0.9161,requirement,"top-75 per lane (independent), OR across lanes","per-lane top-75, OR-pooled"
EssentialGoldCoverage@5 (chunk-level),1_baseline_raw_text_CE,99.0,279,0.3548,chunk,top-5 in chunk's own lane,"per-chunk, home-lane only"
EssentialGoldCoverage@10 (chunk-level),1_baseline_raw_text_CE,124.0,279,0.4444,chunk,top-10 in chunk's own lane,"per-chunk, home-lane only"
EssentialGoldCoverage@20 (chunk-level),1_baseline_raw_text_CE,147.0,279,0.5269,chunk,top-20 in chunk's own lane,"per-chunk, home-lane only"
EssentialGoldCoverage@25 (chunk-level),1_baseline_raw_text_CE,151.0,279,0.5412,chunk,top-25 in chunk's own lane,"per-chunk, home-lane only"
EssentialGoldCoverage@50 (chunk-level),1_baseline_raw_text_CE,170.0,279,0.6093,chunk,top-50 in chunk's own lane,"per-chunk, home-lane only"
EssentialGoldCoverage@75 (chunk-level),1_baseline_raw_text_CE,178.0,279,0.638,chunk,top-75 in chunk's own lane,"per-chunk, home-lane only"
EssentialGoldCoverage@5 (chunk-level),2_metadata_enriched_CE,109.0,279,0.3907,chunk,top-5 in chunk's own lane,"per-chunk, home-lane only"
EssentialGoldCoverage@10 (chunk-level),2_metadata_enriched_CE,131.0,279,0.4695,chunk,top-10 in chunk's own lane,"per-chunk, home-lane only"
EssentialGoldCoverage@20 (chunk-level),2_metadata_enriched_CE,154.0,279,0.552,chunk,top-20 in chunk's own lane,"per-chunk, home-lane only"
EssentialGoldCoverage@25 (chunk-level),2_metadata_enriched_CE,157.0,279,0.5627,chunk,top-25 in chunk's own lane,"per-chunk, home-lane only"
EssentialGoldCoverage@50 (chunk-level),2_metadata_enriched_CE,174.0,279,0.6237,chunk,top-50 in chunk's own lane,"per-chunk, home-lane only"
EssentialGoldCoverage@75 (chunk-level),2_metadata_enriched_CE,178.0,279,0.638,chunk,top-75 in chunk's own lane,"per-chunk, home-lane only"
EssentialGoldCoverage@5 (chunk-level),best_metadata_enriched_fusion_lambda0.5,110.0,279,0.3943,chunk,top-5 in chunk's own lane,"per-chunk, home-lane only"
EssentialGoldCoverage@10 (chunk-level),best_metadata_enriched_fusion_lambda0.5,129.0,279,0.4624,chunk,top-10 in chunk's own lane,"per-chunk, home-lane only"
EssentialGoldCoverage@20 (chunk-level),best_metadata_enriched_fusion_lambda0.5,151.0,279,0.5412,chunk,top-20 in chunk's own lane,"per-chunk, home-lane only"
EssentialGoldCoverage@25 (chunk-level),best_metadata_enriched_fusion_lambda0.5,153.0,279,0.5484,chunk,top-25 in chunk's own lane,"per-chunk, home-lane only"
EssentialGoldCoverage@50 (chunk-level),best_metadata_enriched_fusion_lambda0.5,170.0,279,0.6093,chunk,top-50 in chunk's own lane,"per-chunk, home-lane only"
EssentialGoldCoverage@75 (chunk-level),best_metadata_enriched_fusion_lambda0.5,178.0,279,0.638,chunk,top-75 in chunk's own lane,"per-chunk, home-lane only"
RequirementRecall@5 (requirement-weighted micro-avg),0_pre_CE_first_stage,80.0,155,0.5161,requirement,"top-5 per lane (independent), OR across lanes","per-lane top-k, OR-pooled"
"RequirementRecall@5 (scenario-macro-avg, FOR COMPARISON ONLY)",0_pre_CE_first_stage,,95,0.5132,scenario (equal-weighted),top-5 per lane,"per-lane top-k, OR-pooled"
RequirementRecall@10 (requirement-weighted micro-avg),0_pre_CE_first_stage,97.0,155,0.6258,requirement,"top-10 per lane (independent), OR across lanes","per-lane top-k, OR-pooled"
"RequirementRecall@10 (scenario-macro-avg, FOR COMPARISON ONLY)",0_pre_CE_first_stage,,95,0.6272,scenario (equal-weighted),top-10 per lane,"per-lane top-k, OR-pooled"
RequirementRecall@20 (requirement-weighted micro-avg),0_pre_CE_first_stage,116.0,155,0.7484,requirement,"top-20 per lane (independent), OR across lanes","per-lane top-k, OR-pooled"
"RequirementRecall@20 (scenario-macro-avg, FOR COMPARISON ONLY)",0_pre_CE_first_stage,,95,0.7658,scenario (equal-weighted),top-20 per lane,"per-lane top-k, OR-pooled"
RequirementRecall@25 (requirement-weighted micro-avg),0_pre_CE_first_stage,119.0,155,0.7677,requirement,"top-25 per lane (independent), OR across lanes","per-lane top-k, OR-pooled"
"RequirementRecall@25 (scenario-macro-avg, FOR COMPARISON ONLY)",0_pre_CE_first_stage,,95,0.7868,scenario (equal-weighted),top-25 per lane,"per-lane top-k, OR-pooled"
RequirementRecall@5 (requirement-weighted micro-avg),1_baseline_raw_text_CE,90.0,155,0.5806,requirement,"top-5 per lane (independent), OR across lanes","per-lane top-k, OR-pooled"
"RequirementRecall@5 (scenario-macro-avg, FOR COMPARISON ONLY)",1_baseline_raw_text_CE,,95,0.593,scenario (equal-weighted),top-5 per lane,"per-lane top-k, OR-pooled"
RequirementRecall@10 (requirement-weighted micro-avg),1_baseline_raw_text_CE,107.0,155,0.6903,requirement,"top-10 per lane (independent), OR across lanes","per-lane top-k, OR-pooled"
"RequirementRecall@10 (scenario-macro-avg, FOR COMPARISON ONLY)",1_baseline_raw_text_CE,,95,0.7035,scenario (equal-weighted),top-10 per lane,"per-lane top-k, OR-pooled"
RequirementRecall@20 (requirement-weighted micro-avg),1_baseline_raw_text_CE,124.0,155,0.8,requirement,"top-20 per lane (independent), OR across lanes","per-lane top-k, OR-pooled"
"RequirementRecall@20 (scenario-macro-avg, FOR COMPARISON ONLY)",1_baseline_raw_text_CE,,95,0.8035,scenario (equal-weighted),top-20 per lane,"per-lane top-k, OR-pooled"
RequirementRecall@25 (requirement-weighted micro-avg),1_baseline_raw_text_CE,126.0,155,0.8129,requirement,"top-25 per lane (independent), OR across lanes","per-lane top-k, OR-pooled"
"RequirementRecall@25 (scenario-macro-avg, FOR COMPARISON ONLY)",1_baseline_raw_text_CE,,95,0.814,scenario (equal-weighted),top-25 per lane,"per-lane top-k, OR-pooled"
RequirementRecall@5 (requirement-weighted micro-avg),2_metadata_enriched_CE,99.0,155,0.6387,requirement,"top-5 per lane (independent), OR across lanes","per-lane top-k, OR-pooled"
"RequirementRecall@5 (scenario-macro-avg, FOR COMPARISON ONLY)",2_metadata_enriched_CE,,95,0.6518,scenario (equal-weighted),top-5 per lane,"per-lane top-k, OR-pooled"
RequirementRecall@10 (requirement-weighted micro-avg),2_metadata_enriched_CE,113.0,155,0.729,requirement,"top-10 per lane (independent), OR across lanes","per-lane top-k, OR-pooled"
"RequirementRecall@10 (scenario-macro-avg, FOR COMPARISON ONLY)",2_metadata_enriched_CE,,95,0.7386,scenario (equal-weighted),top-10 per lane,"per-lane top-k, OR-pooled"
RequirementRecall@20 (requirement-weighted micro-avg),2_metadata_enriched_CE,130.0,155,0.8387,requirement,"top-20 per lane (independent), OR across lanes","per-lane top-k, OR-pooled"
"RequirementRecall@20 (scenario-macro-avg, FOR COMPARISON ONLY)",2_metadata_enriched_CE,,95,0.8386,scenario (equal-weighted),top-20 per lane,"per-lane top-k, OR-pooled"
RequirementRecall@25 (requirement-weighted micro-avg),2_metadata_enriched_CE,131.0,155,0.8452,requirement,"top-25 per lane (independent), OR across lanes","per-lane top-k, OR-pooled"
"RequirementRecall@25 (scenario-macro-avg, FOR COMPARISON ONLY)",2_metadata_enriched_CE,,95,0.8421,scenario (equal-weighted),top-25 per lane,"per-lane top-k, OR-pooled"
RequirementRecall@5 (requirement-weighted micro-avg),best_metadata_enriched_fusion_lambda0.5,99.0,155,0.6387,requirement,"top-5 per lane (independent), OR across lanes","per-lane top-k, OR-pooled"
"RequirementRecall@5 (scenario-macro-avg, FOR COMPARISON ONLY)",best_metadata_enriched_fusion_lambda0.5,,95,0.6553,scenario (equal-weighted),top-5 per lane,"per-lane top-k, OR-pooled"
RequirementRecall@10 (requirement-weighted micro-avg),best_metadata_enriched_fusion_lambda0.5,112.0,155,0.7226,requirement,"top-10 per lane (independent), OR across lanes","per-lane top-k, OR-pooled"
"RequirementRecall@10 (scenario-macro-avg, FOR COMPARISON ONLY)",best_metadata_enriched_fusion_lambda0.5,,95,0.7237,scenario (equal-weighted),top-10 per lane,"per-lane top-k, OR-pooled"
RequirementRecall@20 (requirement-weighted micro-avg),best_metadata_enriched_fusion_lambda0.5,125.0,155,0.8065,requirement,"top-20 per lane (independent), OR across lanes","per-lane top-k, OR-pooled"
"RequirementRecall@20 (scenario-macro-avg, FOR COMPARISON ONLY)",best_metadata_enriched_fusion_lambda0.5,,95,0.8114,scenario (equal-weighted),top-20 per lane,"per-lane top-k, OR-pooled"
RequirementRecall@25 (requirement-weighted micro-avg),best_metadata_enriched_fusion_lambda0.5,127.0,155,0.8194,requirement,"top-25 per lane (independent), OR across lanes","per-lane top-k, OR-pooled"
"RequirementRecall@25 (scenario-macro-avg, FOR COMPARISON ONLY)",best_metadata_enriched_fusion_lambda0.5,,95,0.8325,scenario (equal-weighted),top-25 per lane,"per-lane top-k, OR-pooled"
CompleteRequirementCoverage@10 (as 5+5 budget),1_baseline_raw_text_CE,44.0,95,0.4632,scenario,top-5 legislation + top-5 other (independent),"per-lane, all-requirements-AND"
CompleteRequirementCoverage@25 (25 per lane),1_baseline_raw_text_CE,71.0,95,0.7474,scenario,top-25 legislation + top-25 other (independent),"per-lane, all-requirements-AND"
CompleteRequirementCoverage@10 (as 5+5 budget),2_metadata_enriched_CE,49.0,95,0.5158,scenario,top-5 legislation + top-5 other (independent),"per-lane, all-requirements-AND"
CompleteRequirementCoverage@25 (25 per lane),2_metadata_enriched_CE,73.0,95,0.7684,scenario,top-25 legislation + top-25 other (independent),"per-lane, all-requirements-AND"
CompleteRequirementCoverage@10 (as 5+5 budget),best_metadata_enriched_fusion_lambda0.5,50.0,95,0.5263,scenario,top-5 legislation + top-5 other (independent),"per-lane, all-requirements-AND"
CompleteRequirementCoverage@25 (25 per lane),best_metadata_enriched_fusion_lambda0.5,71.0,95,0.7474,scenario,top-25 legislation + top-25 other (independent),"per-lane, all-requirements-AND"
RequirementRecall@10-budget (real 5+5),1_baseline_raw_text_CE,90.0,155,0.5806,requirement,top-5 legislation + top-5 other (independent),"per-lane top-5, OR-pooled"
CompleteCoverage@10-budget (real 5+5),1_baseline_raw_text_CE,44.0,95,0.4632,scenario,top-5 legislation + top-5 other (independent),"per-lane, all-requirements-AND"
DualEvidenceCoverage@10-budget (real 5+5),1_baseline_raw_text_CE,3.0,17,0.1765,scenario (mixed-evidence subgroup only),top-5 legislation + top-5 other (independent),per-lane top-5; needs >=1 satisfied LAW-role req AND >=1 satisfied NONLAW-role req
RequirementRecall@10-budget (real 5+5),2_metadata_enriched_CE,99.0,155,0.6387,requirement,top-5 legislation + top-5 other (independent),"per-lane top-5, OR-pooled"
CompleteCoverage@10-budget (real 5+5),2_metadata_enriched_CE,49.0,95,0.5158,scenario,top-5 legislation + top-5 other (independent),"per-lane, all-requirements-AND"
DualEvidenceCoverage@10-budget (real 5+5),2_metadata_enriched_CE,6.0,17,0.3529,scenario (mixed-evidence subgroup only),top-5 legislation + top-5 other (independent),per-lane top-5; needs >=1 satisfied LAW-role req AND >=1 satisfied NONLAW-role req
RequirementRecall@10-budget (real 5+5),best_metadata_enriched_fusion_lambda0.5,99.0,155,0.6387,requirement,top-5 legislation + top-5 other (independent),"per-lane top-5, OR-pooled"
CompleteCoverage@10-budget (real 5+5),best_metadata_enriched_fusion_lambda0.5,50.0,95,0.5263,scenario,top-5 legislation + top-5 other (independent),"per-lane, all-requirements-AND"
DualEvidenceCoverage@10-budget (real 5+5),best_metadata_enriched_fusion_lambda0.5,5.0,17,0.2941,scenario (mixed-evidence subgroup only),top-5 legislation + top-5 other (independent),per-lane top-5; needs >=1 satisfied LAW-role req AND >=1 satisfied NONLAW-role req
"LawRequirementRecall@10-budget [mixed-evidence subgroup, N_scenarios=17]",1_baseline_raw_text_CE,14.0,20,0.7,requirement,top-5+5 real budget,"per-lane top-5, OR-pooled, LAW-role reqs only"
"NonLawRequirementRecall@10-budget [mixed-evidence subgroup, N_scenarios=17]",1_baseline_raw_text_CE,8.0,19,0.4211,requirement,top-5+5 real budget,"per-lane top-5, OR-pooled, NONLAW-role reqs only"
"LawRequirementRecall@10-budget [mixed-evidence subgroup, N_scenarios=17]",best_metadata_enriched_fusion_lambda0.5,15.0,20,0.75,requirement,top-5+5 real budget,"per-lane top-5, OR-pooled, LAW-role reqs only"
"NonLawRequirementRecall@10-budget [mixed-evidence subgroup, N_scenarios=17]",best_metadata_enriched_fusion_lambda0.5,8.0,19,0.4211,requirement,top-5+5 real budget,"per-lane top-5, OR-pooled, NONLAW-role reqs only"
LaneEssentialGoldCoverage@10 [legislation lane only],1_baseline_raw_text_CE,104.0,156,0.6667,chunk,top-10 within legislation lane,"legislation lane only, no OR with other lane"
LaneEssentialGoldCoverage@25 [legislation lane only],1_baseline_raw_text_CE,124.0,156,0.7949,chunk,top-25 within legislation lane,"legislation lane only, no OR with other lane"
LaneEssentialGoldCoverage@10 [other lane only],1_baseline_raw_text_CE,20.0,43,0.4651,chunk,top-10 within other lane,"other lane only, no OR with other lane"
LaneEssentialGoldCoverage@25 [other lane only],1_baseline_raw_text_CE,27.0,43,0.6279,chunk,top-25 within other lane,"other lane only, no OR with other lane"
LaneEssentialGoldCoverage@10 [legislation lane only],best_metadata_enriched_fusion_lambda0.5,111.0,156,0.7115,chunk,top-10 within legislation lane,"legislation lane only, no OR with other lane"
LaneEssentialGoldCoverage@25 [legislation lane only],best_metadata_enriched_fusion_lambda0.5,125.0,156,0.8013,chunk,top-25 within legislation lane,"legislation lane only, no OR with other lane"
LaneEssentialGoldCoverage@10 [other lane only],best_metadata_enriched_fusion_lambda0.5,18.0,43,0.4186,chunk,top-10 within other lane,"other lane only, no OR with other lane"
LaneEssentialGoldCoverage@25 [other lane only],best_metadata_enriched_fusion_lambda0.5,28.0,43,0.6512,chunk,top-25 within other lane,"other lane only, no OR with other lane"
EssentialGoldCoverage@25 by authority class [guidance_workflow],1_baseline_raw_text_CE,9.0,15,0.6,chunk,top-25 in chunk's own lane,"per-chunk, home-lane only"
EssentialGoldCoverage@25 by authority class [official_guidance],1_baseline_raw_text_CE,18.0,28,0.6429,chunk,top-25 in chunk's own lane,"per-chunk, home-lane only"
EssentialGoldCoverage@25 by authority class [primary_legislation],1_baseline_raw_text_CE,89.0,114,0.7807,chunk,top-25 in chunk's own lane,"per-chunk, home-lane only"
EssentialGoldCoverage@25 by authority class [secondary_legislation],1_baseline_raw_text_CE,35.0,42,0.8333,chunk,top-25 in chunk's own lane,"per-chunk, home-lane only"
EssentialGoldCoverage@25 by authority class [guidance_workflow],best_metadata_enriched_fusion_lambda0.5,9.0,15,0.6,chunk,top-25 in chunk's own lane,"per-chunk, home-lane only"
EssentialGoldCoverage@25 by authority class [official_guidance],best_metadata_enriched_fusion_lambda0.5,19.0,28,0.6786,chunk,top-25 in chunk's own lane,"per-chunk, home-lane only"
EssentialGoldCoverage@25 by authority class [primary_legislation],best_metadata_enriched_fusion_lambda0.5,89.0,114,0.7807,chunk,top-25 in chunk's own lane,"per-chunk, home-lane only"
EssentialGoldCoverage@25 by authority class [secondary_legislation],best_metadata_enriched_fusion_lambda0.5,36.0,42,0.8571,chunk,top-25 in chunk's own lane,"per-chunk, home-lane only"
CE chunk moved into top25,1_baseline_raw_text_CE,22.0,187,,chunk,top-25,own-lane rank
CE chunk moved out of top25,1_baseline_raw_text_CE,12.0,187,,chunk,top-25,own-lane rank
Harmful demotion rate P(post>25|pre<=25),1_baseline_raw_text_CE,12.0,132,0.0909,chunk,top-25,own-lane rank
Mean rank movement (pre-post),1_baseline_raw_text_CE,,187,3.209,chunk,n/a,own-lane rank
Median rank movement (pre-post),1_baseline_raw_text_CE,,187,0.0,chunk,n/a,own-lane rank
Requirement-level rescued (unsat@25 pre -> sat@25 post),1_baseline_raw_text_CE,16.0,155,,requirement,top-25,"per-lane top-25, OR-pooled"
Requirement-level harmed (sat@25 pre -> unsat@25 post),1_baseline_raw_text_CE,9.0,155,,requirement,top-25,"per-lane top-25, OR-pooled"
CE chunk moved into top25,2_metadata_enriched_CE,21.0,187,,chunk,top-25,own-lane rank
CE chunk moved out of top25,2_metadata_enriched_CE,6.0,187,,chunk,top-25,own-lane rank
Harmful demotion rate P(post>25|pre<=25),2_metadata_enriched_CE,6.0,132,0.0455,chunk,top-25,own-lane rank
Mean rank movement (pre-post),2_metadata_enriched_CE,,187,4.679,chunk,n/a,own-lane rank
Median rank movement (pre-post),2_metadata_enriched_CE,,187,0.0,chunk,n/a,own-lane rank
Requirement-level rescued (unsat@25 pre -> sat@25 post),2_metadata_enriched_CE,16.0,155,,requirement,top-25,"per-lane top-25, OR-pooled"
Requirement-level harmed (sat@25 pre -> unsat@25 post),2_metadata_enriched_CE,4.0,155,,requirement,top-25,"per-lane top-25, OR-pooled"
CE chunk moved into top25,best_metadata_enriched_fusion_lambda0.5,11.0,187,,chunk,top-25,own-lane rank
CE chunk moved out of top25,best_metadata_enriched_fusion_lambda0.5,0.0,187,,chunk,top-25,own-lane rank
Harmful demotion rate P(post>25|pre<=25),best_metadata_enriched_fusion_lambda0.5,0.0,132,0.0,chunk,top-25,own-lane rank
Mean rank movement (pre-post),best_metadata_enriched_fusion_lambda0.5,,187,3.406,chunk,n/a,own-lane rank
Median rank movement (pre-post),best_metadata_enriched_fusion_lambda0.5,,187,0.0,chunk,n/a,own-lane rank
Requirement-level rescued (unsat@25 pre -> sat@25 post),best_metadata_enriched_fusion_lambda0.5,8.0,155,,requirement,top-25,"per-lane top-25, OR-pooled"
Requirement-level harmed (sat@25 pre -> unsat@25 post),best_metadata_enriched_fusion_lambda0.5,0.0,155,,requirement,top-25,"per-lane top-25, OR-pooled"
