suite,n_scenarios,n_candidates,bm25_mean,dense_mean,final_score_mean,ce_score_mean,gold_rate
applicability,8,8346,23.781833676798517,0.5589843096477354,0.5083182056547224,0.5324244126677513,0.0014378145219266715
authority,2,2110,19.985794153424845,0.5673912238578198,0.5141818599550066,0.5349813143412272,0.0014218009478672985
compound,3,3069,21.591344530054187,0.5602674792212446,0.5088020015428445,0.5383216947979397,0.005213424568263278
cross_reference_multi_instrument,9,8921,15.343927281937491,0.5366320765149648,0.5042048957350793,0.5390307175671613,0.001905615962336061
exact_anchor,23,23221,12.056468575929967,0.5192367288187417,0.5043277693519344,0.5456043959527775,0.0012058050902200594
expansion_v2_official_guidance,6,6050,20.702831421036336,0.5572542203900827,0.5117227033923617,0.5342552690373527,0.0024793388429752068
faq90,8,8208,18.116287775523734,0.5296818272904483,0.4998306785755744,0.5268785079816977,0.0028021442495126704
official_workflow_expansion_v2,4,4096,23.139138726230055,0.5851548970092774,0.5078278730456511,0.5329794549942016,0.00244140625
procedural_multi_evidence,10,10100,22.566035656214847,0.5583841032267326,0.5046521621732691,0.5282822962204615,0.002376237623762376
semantic,27,27519,12.490737835379564,0.5129988513368945,0.501164049251409,0.5389785698755288,0.000981140303063338
vocabulary_mismatch,4,4183,14.911765405633925,0.5400905243652881,0.5068536767072988,0.5106731485327085,0.002868754482428879
