raw_n,raw_min,raw_max,raw_mean,raw_median,raw_sd,raw_iqr,raw_q05,raw_q10,raw_q25,raw_q50,raw_q75,raw_q90,raw_q95,signal,group,norm_n,norm_min,norm_max,norm_mean,norm_median,norm_sd,norm_iqr,norm_q05,norm_q10,norm_q25,norm_q50,norm_q75,norm_q90,norm_q95,w_n,w_min,w_max,w_mean,w_median,w_sd,w_iqr,w_q05,w_q10,w_q25,w_q50,w_q75,w_q90,w_q95
105823.0,0.0,101.48984685460583,16.31514415268525,14.344785906907042,11.158469189288319,14.127153037993022,1.5765692658433914,3.618232035449527,8.115386411328942,14.344785906907042,22.242539449321963,31.856637514337432,37.293251485978296,bm25,ALL,,,,,,,,,,,,,,,,,,,,,,,,,,,,
,,,,,,,,,,,,,,bm25_norm,ALL,105823.0,0.0006980605556078934,0.9999999481069545,0.5056554295722189,0.5676980822588819,0.31156293746874014,0.5875618325933513,0.0371291022573836,0.06106842966973937,0.18103842110603216,0.5676980822588819,0.7686002536993835,0.9090005153862247,0.9581637787478341,,,,,,,,,,,,,,
187.0,0.17981755449790982,95.70949144284467,28.38406857141846,24.45192493870869,16.545279430265392,23.00848589194153,8.453874726855874,10.490238850815581,15.597644877198615,24.45192493870869,38.606130769140144,50.907472225827746,59.27910971669764,bm25,essential_gold,,,,,,,,,,,,,,,,,,,,,,,,,,,,
46.0,3.1263028521061496,69.04924971326389,31.993000308141973,30.839767055117772,16.303546969417837,22.3779933350087,5.6460769386321426,11.625515013005845,19.91874108808928,30.839767055117772,42.29673442309798,54.80395045574615,59.81702886469366,bm25,supporting_gold,,,,,,,,,,,,,,,,,,,,,,,,,,,,
105585.0,0.0,101.48984685460583,16.28683798335503,14.329185304795306,11.127425745760263,14.113356832413277,1.5707257315853962,3.6106194707175723,8.103241897379107,14.329185304795306,22.216598729792384,31.814289192609973,37.22389532544172,bm25,non_gold,,,,,,,,,,,,,,,,,,,,,,,,,,,,
5.0,0.4738959633655156,38.429177483507615,18.44247200802952,12.596097136489117,16.95517136243291,27.787241394772572,1.6717115768936905,2.8695271904218655,6.46297403100639,12.596097136489117,34.25021542577896,36.75759266041615,37.59338507196188,bm25,wrong_regime,,,,,,,,,,,,,,,,,,,,,,,,,,,,
40198.0,0.0,64.83030790800683,11.529795885850453,10.841248591807663,7.784248936099349,10.896833905460516,0.36701332050764346,1.9228519628367466,5.499078035255435,10.841248591807663,16.39591194071595,21.448463636036195,25.383609253315548,bm25,source:primary_legislation,,,,,,,,,,,,,,,,,,,,,,,,,,,,
13115.0,0.0,78.5124719689735,11.466368410485911,10.22612677409628,8.068351638566805,10.31849995917036,0.8497353540582538,2.3345733281326333,5.518350615520936,10.22612677409628,15.836850574691296,21.804324002876754,26.241554953438676,bm25,source:secondary_legislation,,,,,,,,,,,,,,,,,,,,,,,,,,,,
33086.0,0.0,84.71555571291067,20.63323378605161,18.97762080544438,11.355330002141013,16.116135241616313,4.562636893183397,6.95556281711287,12.247041819860412,18.97762080544438,28.363177061476726,35.86896159988466,41.20595225349157,bm25,source:official_guidance,,,,,,,,,,,,,,,,,,,,,,,,,,,,
9895.0,0.0,96.96852475841347,21.44727743161135,19.577264254615606,12.381577855771495,16.758907865656884,5.101403899500333,7.165884240284604,12.293527084467513,19.577264254615606,29.052434950124397,37.51839754850456,43.80465861003347,bm25,source:professional_interpretation,,,,,,,,,,,,,,,,,,,,,,,,,,,,
8589.0,0.0,101.48984685460583,22.1233151608822,20.909258530692398,11.860041733684422,17.36860001090615,4.6732529880631954,7.606708818908013,13.115927113110825,20.909258530692398,30.484527124016974,37.45499489033615,42.15556764253272,bm25,source:workflow,,,,,,,,,,,,,,,,,,,,,,,,,,,,
940.0,0.0,95.70949144284467,29.523623190166873,25.84496351410308,18.905459814438288,30.87895854258947,2.4598439269661387,6.452789044003783,14.443774752243161,25.84496351410308,45.32273329483263,55.59259532913574,60.82777104246225,bm25,source:regulator_guidance,,,,,,,,,,,,,,,,,,,,,,,,,,,,
,,,,,,,,,,,,,,bm25_weighted,ALL,,,,,,,,,,,,,,,105823.0,0.00027922422224315737,0.3999999792427818,0.2022621718288875,0.22707923290355275,0.12462517498749606,0.23502473303734056,0.014851640902953439,0.024427371867895748,0.07241536844241286,0.22707923290355275,0.3074401014797534,0.36360020615448996,0.3832655114991336
105823.0,0.20035598,0.78216875,0.5344616452447956,0.54218984,0.07650665190136728,0.10137251499999994,0.39508457,0.42875806,0.4868495,0.54218984,0.5882220149999999,0.62603564,0.6482865099999999,dense,ALL,,,,,,,,,,,,,,,,,,,,,,,,,,,,
,,,,,,,,,,,,,,dense_norm,ALL,105823.0,2.6299643833049835e-05,0.99987585279322,0.5279783085734479,0.6279885919202531,0.3094897250454822,0.5643808532005032,0.023056108252546177,0.05173133452138739,0.2161846852000995,0.6279885919202531,0.7805655384006027,0.8921104045106085,0.9388651988292804,,,,,,,,,,,,,,
187.0,0.4560775,0.7729072,0.6348154385026739,0.6389128,0.06206574396979758,0.08769054499999995,0.525280138,0.55213022,0.593806535,0.6389128,0.68149708,0.712441086,0.71946008,dense,essential_gold,,,,,,,,,,,,,,,,,,,,,,,,,,,,
46.0,0.5276316,0.73971426,0.6412258089130435,0.652890875,0.06030608781559091,0.09428764500000009,0.5470761175,0.5589107,0.596324895,0.652890875,0.69061254,0.716190165,0.72976365,dense,supporting_gold,,,,,,,,,,,,,,,,,,,,,,,,,,,,
105585.0,0.20035598,0.78216875,0.5342337823292134,0.5420281,0.07638643454915138,0.10124998999999996,0.394965694,0.42867560400000004,0.48672414,0.5420281,0.58797413,0.625715614,0.6477726119999999,dense,non_gold,,,,,,,,,,,,,,,,,,,,,,,,,,,,
5.0,0.5459805,0.692763,0.61078066,0.6127968,0.05338664272299769,0.024166800000000044,0.55460402,0.56322754,0.5890981,0.6127968,0.6132649,0.66096376,0.67686338,dense,wrong_regime,,,,,,,,,,,,,,,,,,,,,,,,,,,,
,,,,,,,,,,,,,,dense_weighted,ALL,,,,,,,,,,,,,,,105823.0,1.57797862998299e-05,0.599925511675932,0.3167869851440687,0.3767931551521519,0.1856938350272893,0.33862851192030186,0.013833664951527705,0.031038800712832434,0.1297108111200597,0.3767931551521519,0.4683393230403616,0.535266242706365,0.5633191192975682
