,bm25_raw,bm25_norm,dense_raw,dense_norm,authority_norm,final_score,ce_score,pre_rerank_rank,ce_rank,relevance_label
bm25_raw,1.0,0.6301364790644491,0.23086217618566685,-0.20881429879830626,0.07076334408497637,0.16144665407998243,0.4656751771102865,-0.12962121346184075,-0.10384158306436074,0.03857735763126081
bm25_norm,0.6301364790644491,1.0,-0.20783502793996061,-0.31160401813072086,0.002189952825141696,0.20054337713179074,0.27500909753240027,-0.16967976141426244,-0.21897089144167856,0.04807419169590912
dense_raw,0.23086217618566685,-0.20783502793996061,1.0,0.6740893213917518,-0.007276738068992774,0.5198883883442083,0.6610313202071082,-0.4901009866614718,-0.20960804005944983,0.055213657196887624
dense_norm,-0.20881429879830626,-0.31160401813072086,0.6740893213917518,1.0,-0.11044550232240291,0.6788243075736863,0.3865896894146049,-0.6689539776397911,-0.37701359676658763,0.06518164107254608
authority_norm,0.07076334408497637,0.002189952825141696,-0.007276738068992774,-0.11044550232240291,1.0,-0.004939445127535675,0.09146851273311637,-0.02346502628915248,0.13972808045764334,0.0023396106718824557
final_score,0.16144665407998243,0.20054337713179074,0.5198883883442083,0.6788243075736863,-0.004939445127535675,1.0,0.4949885952619781,-0.9584869175633159,-0.3237177978981994,0.06776264491947687
ce_score,0.4656751771102865,0.27500909753240027,0.6610313202071082,0.3865896894146049,0.09146851273311637,0.4949885952619781,1.0,-0.2215270757256445,-0.5600697740337465,0.07719512030803846
pre_rerank_rank,-0.12962121346184075,-0.16967976141426244,-0.4901009866614718,-0.6689539776397911,-0.02346502628915248,-0.9584869175633159,-0.2215270757256445,1.0,0.36730864974286026,-0.06763095875961116
ce_rank,-0.10384158306436074,-0.21897089144167856,-0.20960804005944983,-0.37701359676658763,0.13972808045764334,-0.3237177978981994,-0.5600697740337465,0.36730864974286026,1.0,-0.13137561724318345
relevance_label,0.03857735763126081,0.04807419169590912,0.055213657196887624,0.06518164107254608,0.0023396106718824557,0.06776264491947687,0.07719512030803846,-0.06763095875961116,-0.13137561724318345,1.0
