scenario_id,chunk_id,lane,ce_rank,n_tokens_untruncated,likely_truncated
DEV004,UKPGA_2023_54__NODEV1__CH_00062,legislation,80,918,True
DEV004,UKPGA_2023_54__NODEV1__CH_00057,legislation,84,444,False
DEV007,UKPGA_2023_54__NODEV1__CH_00019,legislation,28,627,True
DEV007,UKPGA_2023_54__NODEV1__CH_00012,legislation,53,249,False
DEV007,2a7f4a9e30f42d160e83e115__2a7f4a9e30f42d160e83e115__SEG_0001__CH_001,other,32,716,True
DEV007,2a7f4a9e30f42d160e83e115__2a7f4a9e30f42d160e83e115__SEG_0001__CH_001,other,32,716,True
DEV013,UKPGA_2023_54__NODEV1__CH_00057,legislation,230,433,False
DEV014,UKPGA_2023_54__NODEV1__CH_00062,legislation,26,883,True
DEV014,UKPGA_2023_54__NODEV1__CH_00026,legislation,49,259,False
DEV018,UKPGA_2023_54__NODEV1__CH_00044,legislation,32,144,False
DEV023,UKPGA_2023_54__NODEV1__CH_00004,legislation,88,144,False
DEV029,UKPGA_2000_36__LEGV2__CH_00336,legislation,33,179,False
DEV031,UKPGA_2023_54__NODEV1__CH_00068,legislation,41,615,True
DEV034,UKPGA_2023_54__NODEV1__CH_00039,legislation,75,300,False
DEV034,319a078d52abafa6b4cc6880__319a078d52abafa6b4cc6880__SEG_0001__CH_001,other,174,627,True
DEV034,319a078d52abafa6b4cc6880__319a078d52abafa6b4cc6880__SEG_0001__CH_001,other,174,627,True
DEV039,UKPGA_2023_54__NODEV1__CH_00074,legislation,50,621,True
EXP_GUID006,316a05e48cb1036b0d31a634__316a05e48cb1036b0d31a634__SEG_0001__CH_003,other,62,1244,True
EXP_GUID007,100b1455458bc9f9fc27ce4e__100b1455458bc9f9fc27ce4e__SEG_0001__CH_003,other,133,337,False
EXP_GUID009,0c3452bafd4c7adbef69866c__0c3452bafd4c7adbef69866c__SEG_0001__CH_004,other,31,625,True
EXP_PPN002,0193d9ef463c0c0947be1a68__0193d9ef463c0c0947be1a68__SEG_0001__CH_002,other,28,189,False
EXP_PPN005,0445e9531d5e850d7a19ac55__PDFV2__CH_0002,other,34,583,True
EXP_PPN008,06122e9cf402cb4dcc961707__06122e9cf402cb4dcc961707__SEG_0001__CH_004,other,34,1012,True
EXP_PPN008,0d9926998d544c855a0799bd__0d9926998d544c855a0799bd__SEG_0001__CH_001,other,112,387,False
EXP_REG003,009488ade324bce4b091710f__PDFV2__CH_0180,other,125,357,False
EXP_REG004,UKPGA_2023_54__NODEV1__CH_00081,legislation,79,310,False
EXP_REG004,be29cabf9909da1e14f8e47d__be29cabf9909da1e14f8e47d__SEG_0001__CH_002,other,239,2313,True
EXP_SEC008,UKPGA_2023_54__NODEV1__CH_00141,legislation,123,251,False
EXP_SEC009,UKSI_2024_692__NODEV1__CH_00061,legislation,62,4781,True
EXP_SEC009,UKPGA_2023_54__NODEV1__CH_00009,legislation,84,328,False
EXP_SEC015,UKSI_2015_102__UKSI_2015_102__SEG_0024__CH_001,legislation,94,182,False
EXP_WORK002,6193c52db0bb26428a4ab78f__6193c52db0bb26428a4ab78f__SEG_0001__CH_002,other,56,331,False
EXP_WORK003,5ea810f407db8d6b99950bba__5ea810f407db8d6b99950bba__SEG_0001__CH_001,other,213,296,False
FAQ008,UKPGA_2023_54__NODEV1__CH_00019,legislation,31,619,True
FAQ028,UKPGA_2023_54__NODEV1__CH_00058,legislation,37,362,False
FAQ055,UKSI_2015_102__UKSI_2015_102__SEG_0072__CH_001,legislation,366,545,True
FAQ058,UKSI_2015_102__UKSI_2015_102__SEG_0084__CH_001,legislation,132,582,True
FAQ059,UKSI_2015_102__UKSI_2015_102__SEG_0049__CH_001,legislation,52,53,False
FAQ063,UKSI_2015_102__UKSI_2015_102__SEG_0110__CH_001,legislation,40,82,False
TEST003,UKSI_2024_692__NODEV1__CH_00027,legislation,54,2099,True
TEST004,UKPGA_1998_20__LEGV2__CH_00002,legislation,109,453,False
TEST004,UKPGA_2023_54__NODEV1__CH_00068,legislation,146,626,True
TEST005,2a7f4a9e30f42d160e83e115__2a7f4a9e30f42d160e83e115__SEG_0001__CH_001,other,296,727,True
TEST009,UKPGA_2023_54__NODEV1__CH_00060,legislation,30,637,True
TEST009,UKPGA_2023_54__NODEV1__CH_00062,legislation,53,916,True
TEST017,UKPGA_2023_54__NODEV1__CH_00043,legislation,46,468,False
TEST017,UKPGA_2023_54__NODEV1__CH_00043,legislation,46,468,False
TEST017,UKPGA_2023_54__NODEV1__CH_00044,legislation,97,189,False
