config_id,config_name,regime_context,n,requirement_recall_mean,complete_coverage_mean,wrong_regime_mean
1,BM25 only,PA2023,48,0.11458333333333333,0.10416666666666667,0.0
1,BM25 only,PCR2015,17,0.23529411764705882,0.17647058823529413,0.0
1,BM25 only,mixed,3,0.0,0.0,0.0
2,Dense only,PA2023,48,0.15625,0.125,0.0
2,Dense only,PCR2015,17,0.20588235294117646,0.17647058823529413,0.0
2,Dense only,mixed,3,0.3333333333333333,0.3333333333333333,0.0
3,BM25+Dense hybrid,PA2023,48,0.10416666666666667,0.08333333333333333,0.0
3,BM25+Dense hybrid,PCR2015,17,0.2647058823529412,0.23529411764705882,0.0
3,BM25+Dense hybrid,mixed,3,0.0,0.0,0.0
4,Hybrid + authority,PA2023,48,0.5885416666666666,0.4791666666666667,0.020833333333333332
4,Hybrid + authority,PCR2015,17,0.7058823529411765,0.6470588235294118,0.0
4,Hybrid + authority,mixed,3,0.8888888888888888,0.6666666666666666,0.0
5,Hybrid + jurisdiction,PA2023,48,0.10416666666666667,0.08333333333333333,0.0
5,Hybrid + jurisdiction,PCR2015,17,0.2647058823529412,0.23529411764705882,0.0
5,Hybrid + jurisdiction,mixed,3,0.0,0.0,0.0
6,Hybrid + authority + jurisdiction,PA2023,48,0.5885416666666666,0.4791666666666667,0.020833333333333332
6,Hybrid + authority + jurisdiction,PCR2015,17,0.7058823529411765,0.6470588235294118,0.0
6,Hybrid + authority + jurisdiction,mixed,3,0.8888888888888888,0.6666666666666666,0.0
7,"Two-lane hybrid, no authority",PA2023,48,0.5572916666666666,0.4583333333333333,0.020833333333333332
7,"Two-lane hybrid, no authority",PCR2015,17,0.5882352941176471,0.5294117647058824,0.0
7,"Two-lane hybrid, no authority",mixed,3,0.5555555555555555,0.3333333333333333,0.0
8,"Full source-aware two-lane (PRODUCTION, true scoring, graph ON)",PA2023,48,0.5989583333333334,0.5,0.0
8,"Full source-aware two-lane (PRODUCTION, true scoring, graph ON)",PCR2015,17,0.23529411764705882,0.23529411764705882,0.0
8,"Full source-aware two-lane (PRODUCTION, true scoring, graph ON)",mixed,3,0.2222222222222222,0.0,0.0
9,"Full config, graph OFF (true scoring)",PA2023,48,0.609375,0.5208333333333334,0.020833333333333332
9,"Full config, graph OFF (true scoring)",PCR2015,17,0.29411764705882354,0.29411764705882354,0.0
9,"Full config, graph OFF (true scoring)",mixed,3,0.2222222222222222,0.0,0.0
