config_id,config_name,category,n,requirement_recall_mean,complete_coverage_mean
1,BM25 only,applicability / transition,5,0.1,0.0
1,BM25 only,authority / source-role sensitive,2,0.0,0.0
1,BM25 only,compound / multi-requirement,2,0.25,0.0
1,BM25 only,cross_reference_multi_instrument,9,0.0,0.0
1,BM25 only,direct legal anchor,23,0.17391304347826086,0.17391304347826086
1,BM25 only,procedural_multi_evidence,4,0.0,0.0
1,BM25 only,semantic / practitioner phrasing,19,0.23684210526315788,0.21052631578947367
1,BM25 only,vocabulary mismatch,4,0.0,0.0
2,Dense only,applicability / transition,5,0.3,0.2
2,Dense only,authority / source-role sensitive,2,0.5,0.5
2,Dense only,compound / multi-requirement,2,0.25,0.0
2,Dense only,cross_reference_multi_instrument,9,0.05555555555555555,0.0
2,Dense only,direct legal anchor,23,0.1956521739130435,0.17391304347826086
2,Dense only,procedural_multi_evidence,4,0.0,0.0
2,Dense only,semantic / practitioner phrasing,19,0.15789473684210525,0.15789473684210525
2,Dense only,vocabulary mismatch,4,0.25,0.25
3,BM25+Dense hybrid,applicability / transition,5,0.0,0.0
3,BM25+Dense hybrid,authority / source-role sensitive,2,0.0,0.0
3,BM25+Dense hybrid,compound / multi-requirement,2,0.25,0.0
3,BM25+Dense hybrid,cross_reference_multi_instrument,9,0.05555555555555555,0.0
3,BM25+Dense hybrid,direct legal anchor,23,0.21739130434782608,0.21739130434782608
3,BM25+Dense hybrid,procedural_multi_evidence,4,0.0,0.0
3,BM25+Dense hybrid,semantic / practitioner phrasing,19,0.18421052631578946,0.15789473684210525
3,BM25+Dense hybrid,vocabulary mismatch,4,0.0,0.0
4,Hybrid + authority,applicability / transition,5,0.7,0.4
4,Hybrid + authority,authority / source-role sensitive,2,0.5,0.5
4,Hybrid + authority,compound / multi-requirement,2,0.5833333333333333,0.0
4,Hybrid + authority,cross_reference_multi_instrument,9,0.6111111111111112,0.4444444444444444
4,Hybrid + authority,direct legal anchor,23,0.6739130434782609,0.6521739130434783
4,Hybrid + authority,procedural_multi_evidence,4,0.1875,0.0
4,Hybrid + authority,semantic / practitioner phrasing,19,0.6842105263157895,0.631578947368421
4,Hybrid + authority,vocabulary mismatch,4,0.625,0.5
5,Hybrid + jurisdiction,applicability / transition,5,0.0,0.0
5,Hybrid + jurisdiction,authority / source-role sensitive,2,0.0,0.0
5,Hybrid + jurisdiction,compound / multi-requirement,2,0.25,0.0
5,Hybrid + jurisdiction,cross_reference_multi_instrument,9,0.05555555555555555,0.0
5,Hybrid + jurisdiction,direct legal anchor,23,0.21739130434782608,0.21739130434782608
5,Hybrid + jurisdiction,procedural_multi_evidence,4,0.0,0.0
5,Hybrid + jurisdiction,semantic / practitioner phrasing,19,0.18421052631578946,0.15789473684210525
5,Hybrid + jurisdiction,vocabulary mismatch,4,0.0,0.0
6,Hybrid + authority + jurisdiction,applicability / transition,5,0.7,0.4
6,Hybrid + authority + jurisdiction,authority / source-role sensitive,2,0.5,0.5
6,Hybrid + authority + jurisdiction,compound / multi-requirement,2,0.5833333333333333,0.0
6,Hybrid + authority + jurisdiction,cross_reference_multi_instrument,9,0.6111111111111112,0.4444444444444444
6,Hybrid + authority + jurisdiction,direct legal anchor,23,0.6739130434782609,0.6521739130434783
6,Hybrid + authority + jurisdiction,procedural_multi_evidence,4,0.1875,0.0
6,Hybrid + authority + jurisdiction,semantic / practitioner phrasing,19,0.6842105263157895,0.631578947368421
6,Hybrid + authority + jurisdiction,vocabulary mismatch,4,0.625,0.5
7,"Two-lane hybrid, no authority",applicability / transition,5,0.7,0.4
7,"Two-lane hybrid, no authority",authority / source-role sensitive,2,0.0,0.0
7,"Two-lane hybrid, no authority",compound / multi-requirement,2,0.5833333333333333,0.0
7,"Two-lane hybrid, no authority",cross_reference_multi_instrument,9,0.3888888888888889,0.2222222222222222
7,"Two-lane hybrid, no authority",direct legal anchor,23,0.6304347826086957,0.6086956521739131
7,"Two-lane hybrid, no authority",procedural_multi_evidence,4,0.1875,0.0
7,"Two-lane hybrid, no authority",semantic / practitioner phrasing,19,0.6842105263157895,0.631578947368421
7,"Two-lane hybrid, no authority",vocabulary mismatch,4,0.5,0.5
8,"Full source-aware two-lane (PRODUCTION, true scoring, graph ON)",applicability / transition,5,0.6,0.4
8,"Full source-aware two-lane (PRODUCTION, true scoring, graph ON)",authority / source-role sensitive,2,0.0,0.0
8,"Full source-aware two-lane (PRODUCTION, true scoring, graph ON)",compound / multi-requirement,2,0.3333333333333333,0.0
8,"Full source-aware two-lane (PRODUCTION, true scoring, graph ON)",cross_reference_multi_instrument,9,0.3888888888888889,0.2222222222222222
8,"Full source-aware two-lane (PRODUCTION, true scoring, graph ON)",direct legal anchor,23,0.41304347826086957,0.391304347826087
8,"Full source-aware two-lane (PRODUCTION, true scoring, graph ON)",procedural_multi_evidence,4,0.1875,0.0
8,"Full source-aware two-lane (PRODUCTION, true scoring, graph ON)",semantic / practitioner phrasing,19,0.7368421052631579,0.6842105263157895
8,"Full source-aware two-lane (PRODUCTION, true scoring, graph ON)",vocabulary mismatch,4,0.5,0.5
9,"Full config, graph OFF (true scoring)",applicability / transition,5,0.6,0.4
9,"Full config, graph OFF (true scoring)",authority / source-role sensitive,2,0.0,0.0
9,"Full config, graph OFF (true scoring)",compound / multi-requirement,2,0.3333333333333333,0.0
9,"Full config, graph OFF (true scoring)",cross_reference_multi_instrument,9,0.3888888888888889,0.2222222222222222
9,"Full config, graph OFF (true scoring)",direct legal anchor,23,0.4782608695652174,0.4782608695652174
9,"Full config, graph OFF (true scoring)",procedural_multi_evidence,4,0.1875,0.0
9,"Full config, graph OFF (true scoring)",semantic / practitioner phrasing,19,0.7368421052631579,0.6842105263157895
9,"Full config, graph OFF (true scoring)",vocabulary mismatch,4,0.5,0.5
