scenario_id,split,suite,category,regime_context,requirement_recall_10,complete_coverage_10,wrong_regime_in_10,n_primary_in_10,n_secondary_in_10,n_guidance_in_10,candidate_recall_75,config_id,config_name
DEV002,dev,exact_anchor,direct legal anchor,PA2023,0.0,0.0,0,0,0,10,0.0,1,BM25 only
DEV003,dev,exact_anchor,direct legal anchor,PA2023,0.0,0.0,0,0,1,9,0.0,1,BM25 only
DEV006,dev,semantic,semantic / practitioner phrasing,PA2023,0.0,0.0,0,0,0,10,0.0,1,BM25 only
DEV007,dev,semantic,semantic / practitioner phrasing,PA2023,0.0,0.0,0,0,0,10,0.0,1,BM25 only
DEV008,dev,semantic,semantic / practitioner phrasing,PA2023,0.0,0.0,0,0,0,10,0.5,1,BM25 only
DEV009,dev,semantic,semantic / practitioner phrasing,PA2023,0.0,0.0,0,0,0,10,0.0,1,BM25 only
DEV010,dev,semantic,semantic / practitioner phrasing,PA2023,0.0,0.0,0,0,0,10,0.0,1,BM25 only
DEV011,dev,semantic,semantic / practitioner phrasing,PA2023,0.5,0.0,0,1,0,9,0.5,1,BM25 only
DEV012,dev,semantic,semantic / practitioner phrasing,PA2023,1.0,1.0,0,2,0,8,1.0,1,BM25 only
DEV015,dev,vocabulary_mismatch,vocabulary mismatch,PA2023,0.0,0.0,0,1,0,9,0.0,1,BM25 only
DEV016,dev,vocabulary_mismatch,vocabulary mismatch,PA2023,0.0,0.0,0,0,0,10,0.0,1,BM25 only
DEV017,dev,vocabulary_mismatch,vocabulary mismatch,PA2023,0.0,0.0,0,0,0,10,0.0,1,BM25 only
DEV020,dev,cross_reference_multi_instrument,cross_reference_multi_instrument,PA2023,0.0,0.0,0,0,0,10,0.0,1,BM25 only
DEV021,dev,cross_reference_multi_instrument,cross_reference_multi_instrument,PA2023,0.0,0.0,0,1,0,9,0.25,1,BM25 only
DEV023,dev,cross_reference_multi_instrument,cross_reference_multi_instrument,PA2023,0.0,0.0,0,0,0,10,0.25,1,BM25 only
DEV024,dev,cross_reference_multi_instrument,cross_reference_multi_instrument,PA2023,0.0,0.0,0,0,1,9,0.6666666666666666,1,BM25 only
DEV025,dev,applicability,applicability / transition,PCR2015,0.5,0.0,0,0,1,9,0.6666666666666666,1,BM25 only
DEV026,dev,applicability,applicability / transition,PA2023,0.0,0.0,0,0,0,10,0.3333333333333333,1,BM25 only
DEV028,dev,applicability,applicability / transition,PA2023,0.0,0.0,0,0,0,10,1.0,1,BM25 only
DEV029,dev,applicability,applicability / transition,PA2023,0.0,0.0,0,0,0,10,0.3333333333333333,1,BM25 only
DEV031,dev,procedural_multi_evidence,procedural_multi_evidence,PA2023,0.0,0.0,0,0,0,10,0.0,1,BM25 only
DEV032,dev,procedural_multi_evidence,procedural_multi_evidence,PA2023,0.0,0.0,0,0,0,10,0.3333333333333333,1,BM25 only
DEV033,dev,procedural_multi_evidence,procedural_multi_evidence,PA2023,0.0,0.0,0,1,2,7,0.3333333333333333,1,BM25 only
DEV035,dev,authority,authority / source-role sensitive,PA2023,0.0,0.0,0,0,0,10,0.0,1,BM25 only
DEV036,dev,authority,authority / source-role sensitive,mixed,0.0,0.0,0,0,0,10,0.5,1,BM25 only
DEV040,dev,compound,compound / multi-requirement,mixed,0.0,0.0,0,0,0,10,0.375,1,BM25 only
TEST002,dev,exact_anchor,direct legal anchor,mixed,0.0,0.0,0,0,0,10,0.0,1,BM25 only
TEST003,dev,exact_anchor,direct legal anchor,PA2023,0.0,0.0,0,0,0,10,0.0,1,BM25 only
TEST004,dev,semantic,semantic / practitioner phrasing,PA2023,0.0,0.0,0,0,1,9,0.0,1,BM25 only
TEST006,dev,semantic,semantic / practitioner phrasing,PA2023,0.0,0.0,0,1,0,9,0.0,1,BM25 only
TEST009,dev,vocabulary_mismatch,vocabulary mismatch,PA2023,0.0,0.0,0,1,0,9,0.0,1,BM25 only
TEST010,dev,cross_reference_multi_instrument,cross_reference_multi_instrument,PA2023,0.0,0.0,0,1,0,9,0.3333333333333333,1,BM25 only
TEST015,dev,applicability,applicability / transition,PA2023,0.0,0.0,0,1,0,9,1.0,1,BM25 only
TEST018,dev,procedural_multi_evidence,procedural_multi_evidence,PA2023,0.0,0.0,0,0,0,10,0.0,1,BM25 only
TEST020,dev,compound,compound / multi-requirement,PCR2015,0.5,0.0,0,0,1,9,0.2,1,BM25 only
FAQ003,dev,semantic,semantic / practitioner phrasing,PA2023,1.0,1.0,0,1,0,9,1.0,1,BM25 only
FAQ004,dev,semantic,semantic / practitioner phrasing,PA2023,0.0,0.0,0,0,0,10,1.0,1,BM25 only
FAQ014,dev,semantic,semantic / practitioner phrasing,PA2023,1.0,1.0,0,1,0,9,0.5,1,BM25 only
FAQ015,dev,exact_anchor,direct legal anchor,PA2023,0.0,0.0,0,0,2,8,0.0,1,BM25 only
FAQ016,dev,semantic,semantic / practitioner phrasing,PA2023,1.0,1.0,0,1,0,9,1.0,1,BM25 only
FAQ018,dev,semantic,semantic / practitioner phrasing,PA2023,0.0,0.0,0,0,0,10,1.0,1,BM25 only
FAQ020,dev,semantic,semantic / practitioner phrasing,PA2023,0.0,0.0,0,0,0,10,0.0,1,BM25 only
FAQ024,dev,semantic,semantic / practitioner phrasing,PA2023,0.0,0.0,0,0,1,9,1.0,1,BM25 only
FAQ025,dev,semantic,semantic / practitioner phrasing,PA2023,0.0,0.0,0,0,1,9,0.0,1,BM25 only
FAQ026,dev,exact_anchor,direct legal anchor,PA2023,0.0,0.0,0,0,0,10,0.0,1,BM25 only
FAQ028,dev,exact_anchor,direct legal anchor,PA2023,0.0,0.0,0,1,0,9,0.0,1,BM25 only
FAQ033,dev,exact_anchor,direct legal anchor,PA2023,0.0,0.0,0,0,0,10,0.0,1,BM25 only
FAQ038,dev,exact_anchor,direct legal anchor,PA2023,0.0,0.0,0,0,0,10,1.0,1,BM25 only
FAQ039,dev,cross_reference_multi_instrument,cross_reference_multi_instrument,PA2023,0.0,0.0,0,1,1,8,0.0,1,BM25 only
FAQ040,dev,exact_anchor,direct legal anchor,PA2023,1.0,1.0,0,1,0,9,1.0,1,BM25 only
FAQ041,dev,exact_anchor,direct legal anchor,PCR2015,0.0,0.0,0,0,0,10,1.0,1,BM25 only
FAQ042,dev,cross_reference_multi_instrument,cross_reference_multi_instrument,PA2023,0.0,0.0,0,0,0,10,0.0,1,BM25 only
FAQ044,dev,exact_anchor,direct legal anchor,PA2023,0.0,0.0,0,0,0,10,1.0,1,BM25 only
FAQ047,dev,exact_anchor,direct legal anchor,PA2023,0.0,0.0,0,3,0,7,0.0,1,BM25 only
FAQ051,dev,cross_reference_multi_instrument,cross_reference_multi_instrument,PCR2015,0.0,0.0,0,0,0,10,0.0,1,BM25 only
FAQ052,dev,exact_anchor,direct legal anchor,PCR2015,0.0,0.0,0,0,0,10,0.0,1,BM25 only
FAQ056,dev,exact_anchor,direct legal anchor,PCR2015,1.0,1.0,0,0,1,9,1.0,1,BM25 only
FAQ059,dev,exact_anchor,direct legal anchor,PCR2015,0.0,0.0,0,0,0,10,0.0,1,BM25 only
FAQ063,dev,exact_anchor,direct legal anchor,PCR2015,0.0,0.0,0,0,0,10,0.0,1,BM25 only
FAQ070,dev,exact_anchor,direct legal anchor,PCR2015,0.0,0.0,0,0,0,10,0.0,1,BM25 only
FAQ071,dev,exact_anchor,direct legal anchor,PCR2015,0.0,0.0,0,1,2,7,0.0,1,BM25 only
FAQ075,dev,semantic,semantic / practitioner phrasing,PCR2015,0.0,0.0,0,0,0,10,0.0,1,BM25 only
FAQ076,dev,exact_anchor,direct legal anchor,PCR2015,1.0,1.0,0,0,1,9,1.0,1,BM25 only
FAQ079,dev,exact_anchor,direct legal anchor,PCR2015,0.0,0.0,0,0,0,10,0.0,1,BM25 only
FAQ081,dev,exact_anchor,direct legal anchor,PCR2015,0.0,0.0,0,0,0,10,0.0,1,BM25 only
FAQ082,dev,semantic,semantic / practitioner phrasing,PCR2015,0.0,0.0,0,0,0,10,1.0,1,BM25 only
FAQ084,dev,cross_reference_multi_instrument,cross_reference_multi_instrument,PCR2015,0.0,0.0,0,3,0,7,1.0,1,BM25 only
FAQ087,dev,exact_anchor,direct legal anchor,PCR2015,1.0,1.0,0,0,1,9,1.0,1,BM25 only
DEV002,dev,exact_anchor,direct legal anchor,PA2023,0.5,0.0,0,2,0,8,0.3333333333333333,2,Dense only
DEV003,dev,exact_anchor,direct legal anchor,PA2023,0.0,0.0,0,0,0,10,0.5,2,Dense only
DEV006,dev,semantic,semantic / practitioner phrasing,PA2023,0.0,0.0,0,0,0,10,0.5,2,Dense only
DEV007,dev,semantic,semantic / practitioner phrasing,PA2023,0.0,0.0,0,0,0,10,0.0,2,Dense only
DEV008,dev,semantic,semantic / practitioner phrasing,PA2023,0.0,0.0,0,0,0,10,0.0,2,Dense only
DEV009,dev,semantic,semantic / practitioner phrasing,PA2023,0.0,0.0,0,0,0,10,0.3333333333333333,2,Dense only
DEV010,dev,semantic,semantic / practitioner phrasing,PA2023,0.0,0.0,0,0,0,10,0.0,2,Dense only
DEV011,dev,semantic,semantic / practitioner phrasing,PA2023,0.0,0.0,0,1,0,9,0.5,2,Dense only
DEV012,dev,semantic,semantic / practitioner phrasing,PA2023,1.0,1.0,0,1,0,9,0.5,2,Dense only
DEV015,dev,vocabulary_mismatch,vocabulary mismatch,PA2023,0.0,0.0,0,1,1,8,0.0,2,Dense only
DEV016,dev,vocabulary_mismatch,vocabulary mismatch,PA2023,0.0,0.0,0,2,0,8,0.6666666666666666,2,Dense only
DEV017,dev,vocabulary_mismatch,vocabulary mismatch,PA2023,1.0,1.0,0,1,0,9,1.0,2,Dense only
DEV020,dev,cross_reference_multi_instrument,cross_reference_multi_instrument,PA2023,0.0,0.0,0,0,0,10,0.5,2,Dense only
DEV021,dev,cross_reference_multi_instrument,cross_reference_multi_instrument,PA2023,0.5,0.0,0,3,0,7,0.25,2,Dense only
DEV023,dev,cross_reference_multi_instrument,cross_reference_multi_instrument,PA2023,0.0,0.0,0,0,0,10,0.0,2,Dense only
DEV024,dev,cross_reference_multi_instrument,cross_reference_multi_instrument,PA2023,0.0,0.0,0,0,2,8,0.6666666666666666,2,Dense only
DEV025,dev,applicability,applicability / transition,PCR2015,0.0,0.0,0,0,1,9,0.0,2,Dense only
DEV026,dev,applicability,applicability / transition,PA2023,0.5,0.0,0,1,0,9,0.3333333333333333,2,Dense only
DEV028,dev,applicability,applicability / transition,PA2023,0.0,0.0,0,0,0,10,0.0,2,Dense only
DEV029,dev,applicability,applicability / transition,PA2023,0.0,0.0,0,0,1,9,0.6666666666666666,2,Dense only
DEV031,dev,procedural_multi_evidence,procedural_multi_evidence,PA2023,0.0,0.0,0,0,0,10,0.14285714285714285,2,Dense only
DEV032,dev,procedural_multi_evidence,procedural_multi_evidence,PA2023,0.0,0.0,0,1,0,9,0.3333333333333333,2,Dense only
DEV033,dev,procedural_multi_evidence,procedural_multi_evidence,PA2023,0.0,0.0,0,1,0,9,0.3333333333333333,2,Dense only
DEV035,dev,authority,authority / source-role sensitive,PA2023,0.0,0.0,0,0,0,10,1.0,2,Dense only
DEV036,dev,authority,authority / source-role sensitive,mixed,1.0,1.0,0,1,0,9,1.0,2,Dense only
DEV040,dev,compound,compound / multi-requirement,mixed,0.0,0.0,0,0,0,10,0.125,2,Dense only
TEST002,dev,exact_anchor,direct legal anchor,mixed,0.0,0.0,0,0,0,10,0.25,2,Dense only
TEST003,dev,exact_anchor,direct legal anchor,PA2023,0.0,0.0,0,0,0,10,0.0,2,Dense only
TEST004,dev,semantic,semantic / practitioner phrasing,PA2023,0.0,0.0,0,1,0,9,0.25,2,Dense only
TEST006,dev,semantic,semantic / practitioner phrasing,PA2023,0.0,0.0,0,1,0,9,0.0,2,Dense only
TEST009,dev,vocabulary_mismatch,vocabulary mismatch,PA2023,0.0,0.0,0,1,1,8,0.0,2,Dense only
TEST010,dev,cross_reference_multi_instrument,cross_reference_multi_instrument,PA2023,0.0,0.0,0,1,1,8,0.0,2,Dense only
TEST015,dev,applicability,applicability / transition,PA2023,1.0,1.0,0,1,0,9,1.0,2,Dense only
TEST018,dev,procedural_multi_evidence,procedural_multi_evidence,PA2023,0.0,0.0,0,1,0,9,0.25,2,Dense only
TEST020,dev,compound,compound / multi-requirement,PCR2015,0.5,0.0,0,1,1,8,0.2,2,Dense only
FAQ003,dev,semantic,semantic / practitioner phrasing,PA2023,0.0,0.0,0,0,0,10,1.0,2,Dense only
FAQ004,dev,semantic,semantic / practitioner phrasing,PA2023,0.0,0.0,0,0,0,10,1.0,2,Dense only
FAQ014,dev,semantic,semantic / practitioner phrasing,PA2023,0.0,0.0,0,0,0,10,0.0,2,Dense only
FAQ015,dev,exact_anchor,direct legal anchor,PA2023,0.0,0.0,0,0,2,8,0.0,2,Dense only
FAQ016,dev,semantic,semantic / practitioner phrasing,PA2023,1.0,1.0,0,2,0,8,1.0,2,Dense only
FAQ018,dev,semantic,semantic / practitioner phrasing,PA2023,0.0,0.0,0,0,0,10,1.0,2,Dense only
FAQ020,dev,semantic,semantic / practitioner phrasing,PA2023,0.0,0.0,0,0,0,10,1.0,2,Dense only
FAQ024,dev,semantic,semantic / practitioner phrasing,PA2023,1.0,1.0,0,2,0,8,1.0,2,Dense only
FAQ025,dev,semantic,semantic / practitioner phrasing,PA2023,0.0,0.0,0,0,0,10,1.0,2,Dense only
FAQ026,dev,exact_anchor,direct legal anchor,PA2023,0.0,0.0,0,0,0,10,0.0,2,Dense only
FAQ028,dev,exact_anchor,direct legal anchor,PA2023,0.0,0.0,0,0,0,10,0.0,2,Dense only
FAQ033,dev,exact_anchor,direct legal anchor,PA2023,0.0,0.0,0,0,0,10,0.0,2,Dense only
FAQ038,dev,exact_anchor,direct legal anchor,PA2023,0.0,0.0,0,0,0,10,1.0,2,Dense only
FAQ039,dev,cross_reference_multi_instrument,cross_reference_multi_instrument,PA2023,0.0,0.0,0,1,0,9,0.0,2,Dense only
FAQ040,dev,exact_anchor,direct legal anchor,PA2023,1.0,1.0,0,1,0,9,1.0,2,Dense only
FAQ041,dev,exact_anchor,direct legal anchor,PCR2015,0.0,0.0,0,0,0,10,0.0,2,Dense only
FAQ042,dev,cross_reference_multi_instrument,cross_reference_multi_instrument,PA2023,0.0,0.0,0,1,1,8,0.5,2,Dense only
FAQ044,dev,exact_anchor,direct legal anchor,PA2023,0.0,0.0,0,0,0,10,1.0,2,Dense only
FAQ047,dev,exact_anchor,direct legal anchor,PA2023,0.0,0.0,0,0,0,10,1.0,2,Dense only
FAQ051,dev,cross_reference_multi_instrument,cross_reference_multi_instrument,PCR2015,0.0,0.0,0,0,0,10,0.0,2,Dense only
FAQ052,dev,exact_anchor,direct legal anchor,PCR2015,1.0,1.0,0,0,2,8,1.0,2,Dense only
FAQ056,dev,exact_anchor,direct legal anchor,PCR2015,1.0,1.0,0,3,2,5,1.0,2,Dense only
FAQ059,dev,exact_anchor,direct legal anchor,PCR2015,0.0,0.0,0,0,7,3,1.0,2,Dense only
FAQ063,dev,exact_anchor,direct legal anchor,PCR2015,0.0,0.0,0,0,0,10,0.0,2,Dense only
FAQ070,dev,exact_anchor,direct legal anchor,PCR2015,0.0,0.0,0,0,0,10,0.0,2,Dense only
FAQ071,dev,exact_anchor,direct legal anchor,PCR2015,0.0,0.0,0,0,0,10,0.0,2,Dense only
FAQ075,dev,semantic,semantic / practitioner phrasing,PCR2015,0.0,0.0,0,0,0,10,0.0,2,Dense only
FAQ076,dev,exact_anchor,direct legal anchor,PCR2015,1.0,1.0,0,0,1,9,1.0,2,Dense only
FAQ079,dev,exact_anchor,direct legal anchor,PCR2015,0.0,0.0,0,1,0,9,1.0,2,Dense only
FAQ081,dev,exact_anchor,direct legal anchor,PCR2015,0.0,0.0,0,0,0,10,1.0,2,Dense only
FAQ082,dev,semantic,semantic / practitioner phrasing,PCR2015,0.0,0.0,0,0,0,10,1.0,2,Dense only
FAQ084,dev,cross_reference_multi_instrument,cross_reference_multi_instrument,PCR2015,0.0,0.0,0,4,0,6,1.0,2,Dense only
FAQ087,dev,exact_anchor,direct legal anchor,PCR2015,0.0,0.0,0,0,0,10,1.0,2,Dense only
DEV002,dev,exact_anchor,direct legal anchor,PA2023,0.0,0.0,0,0,0,10,0.3333333333333333,3,BM25+Dense hybrid
DEV003,dev,exact_anchor,direct legal anchor,PA2023,0.0,0.0,0,0,0,10,0.0,3,BM25+Dense hybrid
DEV006,dev,semantic,semantic / practitioner phrasing,PA2023,0.0,0.0,0,0,1,9,0.5,3,BM25+Dense hybrid
DEV007,dev,semantic,semantic / practitioner phrasing,PA2023,0.0,0.0,0,0,0,10,0.0,3,BM25+Dense hybrid
DEV008,dev,semantic,semantic / practitioner phrasing,PA2023,0.0,0.0,0,0,0,10,0.5,3,BM25+Dense hybrid
DEV009,dev,semantic,semantic / practitioner phrasing,PA2023,0.0,0.0,0,0,0,10,0.0,3,BM25+Dense hybrid
DEV010,dev,semantic,semantic / practitioner phrasing,PA2023,0.0,0.0,0,0,0,10,0.0,3,BM25+Dense hybrid
DEV011,dev,semantic,semantic / practitioner phrasing,PA2023,0.5,0.0,0,1,0,9,0.75,3,BM25+Dense hybrid
DEV012,dev,semantic,semantic / practitioner phrasing,PA2023,1.0,1.0,0,1,0,9,1.0,3,BM25+Dense hybrid
DEV015,dev,vocabulary_mismatch,vocabulary mismatch,PA2023,0.0,0.0,0,0,0,10,0.0,3,BM25+Dense hybrid
DEV016,dev,vocabulary_mismatch,vocabulary mismatch,PA2023,0.0,0.0,0,0,0,10,0.0,3,BM25+Dense hybrid
DEV017,dev,vocabulary_mismatch,vocabulary mismatch,PA2023,0.0,0.0,0,0,0,10,1.0,3,BM25+Dense hybrid
DEV020,dev,cross_reference_multi_instrument,cross_reference_multi_instrument,PA2023,0.0,0.0,0,0,0,10,0.5,3,BM25+Dense hybrid
DEV021,dev,cross_reference_multi_instrument,cross_reference_multi_instrument,PA2023,0.5,0.0,0,1,0,9,0.25,3,BM25+Dense hybrid
DEV023,dev,cross_reference_multi_instrument,cross_reference_multi_instrument,PA2023,0.0,0.0,0,0,0,10,0.5,3,BM25+Dense hybrid
DEV024,dev,cross_reference_multi_instrument,cross_reference_multi_instrument,PA2023,0.0,0.0,0,0,2,8,0.6666666666666666,3,BM25+Dense hybrid
DEV025,dev,applicability,applicability / transition,PCR2015,0.0,0.0,0,0,0,10,0.6666666666666666,3,BM25+Dense hybrid
DEV026,dev,applicability,applicability / transition,PA2023,0.0,0.0,0,0,0,10,0.3333333333333333,3,BM25+Dense hybrid
DEV028,dev,applicability,applicability / transition,PA2023,0.0,0.0,0,0,0,10,1.0,3,BM25+Dense hybrid
DEV029,dev,applicability,applicability / transition,PA2023,0.0,0.0,0,0,0,10,0.6666666666666666,3,BM25+Dense hybrid
DEV031,dev,procedural_multi_evidence,procedural_multi_evidence,PA2023,0.0,0.0,0,0,0,10,0.0,3,BM25+Dense hybrid
DEV032,dev,procedural_multi_evidence,procedural_multi_evidence,PA2023,0.0,0.0,0,1,1,8,0.3333333333333333,3,BM25+Dense hybrid
DEV033,dev,procedural_multi_evidence,procedural_multi_evidence,PA2023,0.0,0.0,0,0,1,9,0.3333333333333333,3,BM25+Dense hybrid
DEV035,dev,authority,authority / source-role sensitive,PA2023,0.0,0.0,0,0,0,10,0.3333333333333333,3,BM25+Dense hybrid
DEV036,dev,authority,authority / source-role sensitive,mixed,0.0,0.0,0,0,0,10,0.5,3,BM25+Dense hybrid
DEV040,dev,compound,compound / multi-requirement,mixed,0.0,0.0,0,0,0,10,0.25,3,BM25+Dense hybrid
TEST002,dev,exact_anchor,direct legal anchor,mixed,0.0,0.0,0,0,0,10,0.25,3,BM25+Dense hybrid
TEST003,dev,exact_anchor,direct legal anchor,PA2023,0.0,0.0,0,0,0,10,0.0,3,BM25+Dense hybrid
TEST004,dev,semantic,semantic / practitioner phrasing,PA2023,0.0,0.0,0,0,0,10,0.0,3,BM25+Dense hybrid
TEST006,dev,semantic,semantic / practitioner phrasing,PA2023,0.0,0.0,0,1,0,9,0.0,3,BM25+Dense hybrid
TEST009,dev,vocabulary_mismatch,vocabulary mismatch,PA2023,0.0,0.0,0,0,0,10,0.0,3,BM25+Dense hybrid
TEST010,dev,cross_reference_multi_instrument,cross_reference_multi_instrument,PA2023,0.0,0.0,0,1,1,8,0.6666666666666666,3,BM25+Dense hybrid
TEST015,dev,applicability,applicability / transition,PA2023,0.0,0.0,0,0,0,10,1.0,3,BM25+Dense hybrid
TEST018,dev,procedural_multi_evidence,procedural_multi_evidence,PA2023,0.0,0.0,0,0,0,10,0.0,3,BM25+Dense hybrid
TEST020,dev,compound,compound / multi-requirement,PCR2015,0.5,0.0,0,0,1,9,0.2,3,BM25+Dense hybrid
FAQ003,dev,semantic,semantic / practitioner phrasing,PA2023,0.0,0.0,0,0,0,10,1.0,3,BM25+Dense hybrid
FAQ004,dev,semantic,semantic / practitioner phrasing,PA2023,0.0,0.0,0,0,0,10,1.0,3,BM25+Dense hybrid
FAQ014,dev,semantic,semantic / practitioner phrasing,PA2023,0.0,0.0,0,0,0,10,0.0,3,BM25+Dense hybrid
FAQ015,dev,exact_anchor,direct legal anchor,PA2023,0.0,0.0,0,0,1,9,0.0,3,BM25+Dense hybrid
FAQ016,dev,semantic,semantic / practitioner phrasing,PA2023,1.0,1.0,0,1,0,9,1.0,3,BM25+Dense hybrid
FAQ018,dev,semantic,semantic / practitioner phrasing,PA2023,0.0,0.0,0,0,0,10,1.0,3,BM25+Dense hybrid
FAQ020,dev,semantic,semantic / practitioner phrasing,PA2023,0.0,0.0,0,0,0,10,0.0,3,BM25+Dense hybrid
FAQ024,dev,semantic,semantic / practitioner phrasing,PA2023,1.0,1.0,0,2,0,8,1.0,3,BM25+Dense hybrid
FAQ025,dev,semantic,semantic / practitioner phrasing,PA2023,0.0,0.0,0,0,0,10,0.0,3,BM25+Dense hybrid
FAQ026,dev,exact_anchor,direct legal anchor,PA2023,0.0,0.0,0,0,0,10,0.0,3,BM25+Dense hybrid
FAQ028,dev,exact_anchor,direct legal anchor,PA2023,0.0,0.0,0,1,0,9,0.0,3,BM25+Dense hybrid
FAQ033,dev,exact_anchor,direct legal anchor,PA2023,0.0,0.0,0,0,0,10,0.0,3,BM25+Dense hybrid
FAQ038,dev,exact_anchor,direct legal anchor,PA2023,0.0,0.0,0,0,0,10,1.0,3,BM25+Dense hybrid
FAQ039,dev,cross_reference_multi_instrument,cross_reference_multi_instrument,PA2023,0.0,0.0,0,1,1,8,0.0,3,BM25+Dense hybrid
FAQ040,dev,exact_anchor,direct legal anchor,PA2023,1.0,1.0,0,1,0,9,1.0,3,BM25+Dense hybrid
FAQ041,dev,exact_anchor,direct legal anchor,PCR2015,0.0,0.0,0,0,0,10,1.0,3,BM25+Dense hybrid
FAQ042,dev,cross_reference_multi_instrument,cross_reference_multi_instrument,PA2023,0.0,0.0,0,0,0,10,0.5,3,BM25+Dense hybrid
FAQ044,dev,exact_anchor,direct legal anchor,PA2023,0.0,0.0,0,0,0,10,1.0,3,BM25+Dense hybrid
FAQ047,dev,exact_anchor,direct legal anchor,PA2023,0.0,0.0,0,0,0,10,1.0,3,BM25+Dense hybrid
FAQ051,dev,cross_reference_multi_instrument,cross_reference_multi_instrument,PCR2015,0.0,0.0,0,0,0,10,0.0,3,BM25+Dense hybrid
FAQ052,dev,exact_anchor,direct legal anchor,PCR2015,0.0,0.0,0,0,0,10,1.0,3,BM25+Dense hybrid
FAQ056,dev,exact_anchor,direct legal anchor,PCR2015,1.0,1.0,0,1,2,7,1.0,3,BM25+Dense hybrid
FAQ059,dev,exact_anchor,direct legal anchor,PCR2015,1.0,1.0,0,0,4,6,1.0,3,BM25+Dense hybrid
FAQ063,dev,exact_anchor,direct legal anchor,PCR2015,0.0,0.0,0,0,0,10,0.0,3,BM25+Dense hybrid
FAQ070,dev,exact_anchor,direct legal anchor,PCR2015,0.0,0.0,0,0,0,10,0.0,3,BM25+Dense hybrid
FAQ071,dev,exact_anchor,direct legal anchor,PCR2015,0.0,0.0,0,0,0,10,0.0,3,BM25+Dense hybrid
FAQ075,dev,semantic,semantic / practitioner phrasing,PCR2015,0.0,0.0,0,0,0,10,0.0,3,BM25+Dense hybrid
FAQ076,dev,exact_anchor,direct legal anchor,PCR2015,1.0,1.0,0,0,2,8,1.0,3,BM25+Dense hybrid
FAQ079,dev,exact_anchor,direct legal anchor,PCR2015,0.0,0.0,0,0,0,10,1.0,3,BM25+Dense hybrid
FAQ081,dev,exact_anchor,direct legal anchor,PCR2015,0.0,0.0,0,0,0,10,0.0,3,BM25+Dense hybrid
FAQ082,dev,semantic,semantic / practitioner phrasing,PCR2015,0.0,0.0,0,0,0,10,1.0,3,BM25+Dense hybrid
FAQ084,dev,cross_reference_multi_instrument,cross_reference_multi_instrument,PCR2015,0.0,0.0,0,1,0,9,1.0,3,BM25+Dense hybrid
FAQ087,dev,exact_anchor,direct legal anchor,PCR2015,1.0,1.0,0,0,1,9,1.0,3,BM25+Dense hybrid
DEV002,dev,exact_anchor,direct legal anchor,PA2023,0.5,0.0,0,8,1,1,0.6666666666666666,4,Hybrid + authority
DEV003,dev,exact_anchor,direct legal anchor,PA2023,1.0,1.0,0,4,5,1,0.5,4,Hybrid + authority
DEV006,dev,semantic,semantic / practitioner phrasing,PA2023,0.5,0.0,0,4,5,1,0.5,4,Hybrid + authority
DEV007,dev,semantic,semantic / practitioner phrasing,PA2023,0.5,0.0,1,3,1,6,0.75,4,Hybrid + authority
DEV008,dev,semantic,semantic / practitioner phrasing,PA2023,1.0,1.0,0,3,2,5,0.5,4,Hybrid + authority
DEV009,dev,semantic,semantic / practitioner phrasing,PA2023,0.0,0.0,0,2,0,8,0.3333333333333333,4,Hybrid + authority
DEV010,dev,semantic,semantic / practitioner phrasing,PA2023,0.0,0.0,0,5,0,5,0.0,4,Hybrid + authority
DEV011,dev,semantic,semantic / practitioner phrasing,PA2023,1.0,1.0,0,6,0,4,0.75,4,Hybrid + authority
DEV012,dev,semantic,semantic / practitioner phrasing,PA2023,1.0,1.0,0,8,2,0,0.5,4,Hybrid + authority
DEV015,dev,vocabulary_mismatch,vocabulary mismatch,PA2023,0.5,0.0,0,9,1,0,0.6666666666666666,4,Hybrid + authority
DEV016,dev,vocabulary_mismatch,vocabulary mismatch,PA2023,1.0,1.0,0,5,1,4,0.6666666666666666,4,Hybrid + authority
DEV017,dev,vocabulary_mismatch,vocabulary mismatch,PA2023,1.0,1.0,0,5,1,4,1.0,4,Hybrid + authority
DEV020,dev,cross_reference_multi_instrument,cross_reference_multi_instrument,PA2023,1.0,1.0,0,4,3,3,0.5,4,Hybrid + authority
DEV021,dev,cross_reference_multi_instrument,cross_reference_multi_instrument,PA2023,0.5,0.0,0,6,4,0,0.25,4,Hybrid + authority
DEV023,dev,cross_reference_multi_instrument,cross_reference_multi_instrument,PA2023,0.5,0.0,0,6,0,4,0.5,4,Hybrid + authority
DEV024,dev,cross_reference_multi_instrument,cross_reference_multi_instrument,PA2023,0.5,0.0,0,6,4,0,1.0,4,Hybrid + authority
DEV025,dev,applicability,applicability / transition,PCR2015,0.5,0.0,0,6,4,0,0.3333333333333333,4,Hybrid + authority
DEV026,dev,applicability,applicability / transition,PA2023,0.5,0.0,0,3,2,5,0.3333333333333333,4,Hybrid + authority
DEV028,dev,applicability,applicability / transition,PA2023,1.0,1.0,0,2,1,7,1.0,4,Hybrid + authority
DEV029,dev,applicability,applicability / transition,PA2023,0.5,0.0,0,3,2,5,1.0,4,Hybrid + authority
DEV031,dev,procedural_multi_evidence,procedural_multi_evidence,PA2023,0.25,0.0,0,2,1,7,0.14285714285714285,4,Hybrid + authority
DEV032,dev,procedural_multi_evidence,procedural_multi_evidence,PA2023,0.0,0.0,0,4,3,3,0.3333333333333333,4,Hybrid + authority
DEV033,dev,procedural_multi_evidence,procedural_multi_evidence,PA2023,0.5,0.0,0,5,5,0,0.6666666666666666,4,Hybrid + authority
DEV035,dev,authority,authority / source-role sensitive,PA2023,0.0,0.0,0,3,0,7,1.0,4,Hybrid + authority
DEV036,dev,authority,authority / source-role sensitive,mixed,1.0,1.0,0,7,2,1,1.0,4,Hybrid + authority
DEV040,dev,compound,compound / multi-requirement,mixed,0.6666666666666666,0.0,0,2,3,5,0.625,4,Hybrid + authority
TEST002,dev,exact_anchor,direct legal anchor,mixed,1.0,1.0,0,4,5,1,0.25,4,Hybrid + authority
TEST003,dev,exact_anchor,direct legal anchor,PA2023,0.0,0.0,0,1,4,5,1.0,4,Hybrid + authority
TEST004,dev,semantic,semantic / practitioner phrasing,PA2023,0.0,0.0,0,6,4,0,0.5,4,Hybrid + authority
TEST006,dev,semantic,semantic / practitioner phrasing,PA2023,1.0,1.0,0,5,1,4,0.3333333333333333,4,Hybrid + authority
TEST009,dev,vocabulary_mismatch,vocabulary mismatch,PA2023,0.0,0.0,0,4,4,2,0.0,4,Hybrid + authority
TEST010,dev,cross_reference_multi_instrument,cross_reference_multi_instrument,PA2023,1.0,1.0,0,8,2,0,0.6666666666666666,4,Hybrid + authority
TEST015,dev,applicability,applicability / transition,PA2023,1.0,1.0,0,3,1,6,1.0,4,Hybrid + authority
TEST018,dev,procedural_multi_evidence,procedural_multi_evidence,PA2023,0.0,0.0,0,4,3,3,0.0,4,Hybrid + authority
TEST020,dev,compound,compound / multi-requirement,PCR2015,0.5,0.0,0,7,3,0,0.2,4,Hybrid + authority
FAQ003,dev,semantic,semantic / practitioner phrasing,PA2023,1.0,1.0,0,3,2,5,1.0,4,Hybrid + authority
FAQ004,dev,semantic,semantic / practitioner phrasing,PA2023,1.0,1.0,0,2,3,5,1.0,4,Hybrid + authority
FAQ014,dev,semantic,semantic / practitioner phrasing,PA2023,1.0,1.0,0,3,2,5,0.5,4,Hybrid + authority
FAQ015,dev,exact_anchor,direct legal anchor,PA2023,0.0,0.0,0,2,8,0,1.0,4,Hybrid + authority
FAQ016,dev,semantic,semantic / practitioner phrasing,PA2023,1.0,1.0,0,5,5,0,1.0,4,Hybrid + authority
FAQ018,dev,semantic,semantic / practitioner phrasing,PA2023,1.0,1.0,0,6,3,1,1.0,4,Hybrid + authority
FAQ020,dev,semantic,semantic / practitioner phrasing,PA2023,0.0,0.0,0,3,3,4,1.0,4,Hybrid + authority
FAQ024,dev,semantic,semantic / practitioner phrasing,PA2023,1.0,1.0,0,10,0,0,1.0,4,Hybrid + authority
FAQ025,dev,semantic,semantic / practitioner phrasing,PA2023,1.0,1.0,0,6,4,0,1.0,4,Hybrid + authority
FAQ026,dev,exact_anchor,direct legal anchor,PA2023,0.0,0.0,0,1,2,7,0.0,4,Hybrid + authority
FAQ028,dev,exact_anchor,direct legal anchor,PA2023,0.0,0.0,0,8,2,0,0.0,4,Hybrid + authority
FAQ033,dev,exact_anchor,direct legal anchor,PA2023,0.0,0.0,0,6,2,2,0.0,4,Hybrid + authority
FAQ038,dev,exact_anchor,direct legal anchor,PA2023,1.0,1.0,0,6,2,2,1.0,4,Hybrid + authority
FAQ039,dev,cross_reference_multi_instrument,cross_reference_multi_instrument,PA2023,0.0,0.0,0,3,7,0,0.0,4,Hybrid + authority
FAQ040,dev,exact_anchor,direct legal anchor,PA2023,1.0,1.0,0,3,2,5,1.0,4,Hybrid + authority
FAQ041,dev,exact_anchor,direct legal anchor,PCR2015,1.0,1.0,0,5,3,2,1.0,4,Hybrid + authority
FAQ042,dev,cross_reference_multi_instrument,cross_reference_multi_instrument,PA2023,1.0,1.0,0,8,2,0,1.0,4,Hybrid + authority
FAQ044,dev,exact_anchor,direct legal anchor,PA2023,1.0,1.0,0,7,1,2,1.0,4,Hybrid + authority
FAQ047,dev,exact_anchor,direct legal anchor,PA2023,1.0,1.0,0,9,1,0,1.0,4,Hybrid + authority
FAQ051,dev,cross_reference_multi_instrument,cross_reference_multi_instrument,PCR2015,0.0,0.0,0,0,1,9,0.0,4,Hybrid + authority
FAQ052,dev,exact_anchor,direct legal anchor,PCR2015,1.0,1.0,0,4,4,2,1.0,4,Hybrid + authority
FAQ056,dev,exact_anchor,direct legal anchor,PCR2015,1.0,1.0,0,7,3,0,1.0,4,Hybrid + authority
FAQ059,dev,exact_anchor,direct legal anchor,PCR2015,1.0,1.0,0,2,8,0,1.0,4,Hybrid + authority
FAQ063,dev,exact_anchor,direct legal anchor,PCR2015,1.0,1.0,0,2,4,4,1.0,4,Hybrid + authority
FAQ070,dev,exact_anchor,direct legal anchor,PCR2015,0.0,0.0,0,5,1,4,0.0,4,Hybrid + authority
FAQ071,dev,exact_anchor,direct legal anchor,PCR2015,0.0,0.0,0,4,0,6,0.0,4,Hybrid + authority
FAQ075,dev,semantic,semantic / practitioner phrasing,PCR2015,0.0,0.0,0,5,5,0,1.0,4,Hybrid + authority
FAQ076,dev,exact_anchor,direct legal anchor,PCR2015,1.0,1.0,0,5,5,0,1.0,4,Hybrid + authority
FAQ079,dev,exact_anchor,direct legal anchor,PCR2015,1.0,1.0,0,1,2,7,1.0,4,Hybrid + authority
FAQ081,dev,exact_anchor,direct legal anchor,PCR2015,1.0,1.0,0,5,1,4,1.0,4,Hybrid + authority
FAQ082,dev,semantic,semantic / practitioner phrasing,PCR2015,1.0,1.0,0,1,2,7,1.0,4,Hybrid + authority
FAQ084,dev,cross_reference_multi_instrument,cross_reference_multi_instrument,PCR2015,1.0,1.0,0,10,0,0,1.0,4,Hybrid + authority
FAQ087,dev,exact_anchor,direct legal anchor,PCR2015,1.0,1.0,0,3,2,5,1.0,4,Hybrid + authority
DEV002,dev,exact_anchor,direct legal anchor,PA2023,0.0,0.0,0,0,0,10,0.3333333333333333,5,Hybrid + jurisdiction
DEV003,dev,exact_anchor,direct legal anchor,PA2023,0.0,0.0,0,0,0,10,0.0,5,Hybrid + jurisdiction
DEV006,dev,semantic,semantic / practitioner phrasing,PA2023,0.0,0.0,0,0,1,9,0.5,5,Hybrid + jurisdiction
DEV007,dev,semantic,semantic / practitioner phrasing,PA2023,0.0,0.0,0,0,0,10,0.0,5,Hybrid + jurisdiction
DEV008,dev,semantic,semantic / practitioner phrasing,PA2023,0.0,0.0,0,0,0,10,0.5,5,Hybrid + jurisdiction
DEV009,dev,semantic,semantic / practitioner phrasing,PA2023,0.0,0.0,0,0,0,10,0.0,5,Hybrid + jurisdiction
DEV010,dev,semantic,semantic / practitioner phrasing,PA2023,0.0,0.0,0,0,0,10,0.0,5,Hybrid + jurisdiction
DEV011,dev,semantic,semantic / practitioner phrasing,PA2023,0.5,0.0,0,1,0,9,0.75,5,Hybrid + jurisdiction
DEV012,dev,semantic,semantic / practitioner phrasing,PA2023,1.0,1.0,0,1,0,9,1.0,5,Hybrid + jurisdiction
DEV015,dev,vocabulary_mismatch,vocabulary mismatch,PA2023,0.0,0.0,0,0,0,10,0.0,5,Hybrid + jurisdiction
DEV016,dev,vocabulary_mismatch,vocabulary mismatch,PA2023,0.0,0.0,0,0,0,10,0.0,5,Hybrid + jurisdiction
DEV017,dev,vocabulary_mismatch,vocabulary mismatch,PA2023,0.0,0.0,0,0,0,10,1.0,5,Hybrid + jurisdiction
DEV020,dev,cross_reference_multi_instrument,cross_reference_multi_instrument,PA2023,0.0,0.0,0,0,0,10,0.5,5,Hybrid + jurisdiction
DEV021,dev,cross_reference_multi_instrument,cross_reference_multi_instrument,PA2023,0.5,0.0,0,1,0,9,0.25,5,Hybrid + jurisdiction
DEV023,dev,cross_reference_multi_instrument,cross_reference_multi_instrument,PA2023,0.0,0.0,0,0,0,10,0.5,5,Hybrid + jurisdiction
DEV024,dev,cross_reference_multi_instrument,cross_reference_multi_instrument,PA2023,0.0,0.0,0,0,2,8,0.6666666666666666,5,Hybrid + jurisdiction
DEV025,dev,applicability,applicability / transition,PCR2015,0.0,0.0,0,0,0,10,0.6666666666666666,5,Hybrid + jurisdiction
DEV026,dev,applicability,applicability / transition,PA2023,0.0,0.0,0,0,0,10,0.3333333333333333,5,Hybrid + jurisdiction
DEV028,dev,applicability,applicability / transition,PA2023,0.0,0.0,0,0,0,10,1.0,5,Hybrid + jurisdiction
DEV029,dev,applicability,applicability / transition,PA2023,0.0,0.0,0,0,0,10,0.6666666666666666,5,Hybrid + jurisdiction
DEV031,dev,procedural_multi_evidence,procedural_multi_evidence,PA2023,0.0,0.0,0,0,0,10,0.0,5,Hybrid + jurisdiction
DEV032,dev,procedural_multi_evidence,procedural_multi_evidence,PA2023,0.0,0.0,0,1,1,8,0.3333333333333333,5,Hybrid + jurisdiction
DEV033,dev,procedural_multi_evidence,procedural_multi_evidence,PA2023,0.0,0.0,0,0,1,9,0.3333333333333333,5,Hybrid + jurisdiction
DEV035,dev,authority,authority / source-role sensitive,PA2023,0.0,0.0,0,0,0,10,0.3333333333333333,5,Hybrid + jurisdiction
DEV036,dev,authority,authority / source-role sensitive,mixed,0.0,0.0,0,0,0,10,0.5,5,Hybrid + jurisdiction
DEV040,dev,compound,compound / multi-requirement,mixed,0.0,0.0,0,0,0,10,0.25,5,Hybrid + jurisdiction
TEST002,dev,exact_anchor,direct legal anchor,mixed,0.0,0.0,0,0,0,10,0.25,5,Hybrid + jurisdiction
TEST003,dev,exact_anchor,direct legal anchor,PA2023,0.0,0.0,0,0,0,10,0.0,5,Hybrid + jurisdiction
TEST004,dev,semantic,semantic / practitioner phrasing,PA2023,0.0,0.0,0,0,0,10,0.0,5,Hybrid + jurisdiction
TEST006,dev,semantic,semantic / practitioner phrasing,PA2023,0.0,0.0,0,0,0,10,0.0,5,Hybrid + jurisdiction
TEST009,dev,vocabulary_mismatch,vocabulary mismatch,PA2023,0.0,0.0,0,0,0,10,0.0,5,Hybrid + jurisdiction
TEST010,dev,cross_reference_multi_instrument,cross_reference_multi_instrument,PA2023,0.0,0.0,0,1,1,8,0.6666666666666666,5,Hybrid + jurisdiction
TEST015,dev,applicability,applicability / transition,PA2023,0.0,0.0,0,0,0,10,1.0,5,Hybrid + jurisdiction
TEST018,dev,procedural_multi_evidence,procedural_multi_evidence,PA2023,0.0,0.0,0,0,0,10,0.0,5,Hybrid + jurisdiction
TEST020,dev,compound,compound / multi-requirement,PCR2015,0.5,0.0,0,0,1,9,0.2,5,Hybrid + jurisdiction
FAQ003,dev,semantic,semantic / practitioner phrasing,PA2023,0.0,0.0,0,0,0,10,1.0,5,Hybrid + jurisdiction
FAQ004,dev,semantic,semantic / practitioner phrasing,PA2023,0.0,0.0,0,0,0,10,1.0,5,Hybrid + jurisdiction
FAQ014,dev,semantic,semantic / practitioner phrasing,PA2023,0.0,0.0,0,0,0,10,0.0,5,Hybrid + jurisdiction
FAQ015,dev,exact_anchor,direct legal anchor,PA2023,0.0,0.0,0,0,1,9,0.0,5,Hybrid + jurisdiction
FAQ016,dev,semantic,semantic / practitioner phrasing,PA2023,1.0,1.0,0,1,0,9,1.0,5,Hybrid + jurisdiction
FAQ018,dev,semantic,semantic / practitioner phrasing,PA2023,0.0,0.0,0,0,0,10,1.0,5,Hybrid + jurisdiction
FAQ020,dev,semantic,semantic / practitioner phrasing,PA2023,0.0,0.0,0,0,0,10,0.0,5,Hybrid + jurisdiction
FAQ024,dev,semantic,semantic / practitioner phrasing,PA2023,1.0,1.0,0,2,0,8,1.0,5,Hybrid + jurisdiction
FAQ025,dev,semantic,semantic / practitioner phrasing,PA2023,0.0,0.0,0,0,0,10,0.0,5,Hybrid + jurisdiction
FAQ026,dev,exact_anchor,direct legal anchor,PA2023,0.0,0.0,0,0,0,10,0.0,5,Hybrid + jurisdiction
FAQ028,dev,exact_anchor,direct legal anchor,PA2023,0.0,0.0,0,1,0,9,0.0,5,Hybrid + jurisdiction
FAQ033,dev,exact_anchor,direct legal anchor,PA2023,0.0,0.0,0,0,0,10,0.0,5,Hybrid + jurisdiction
FAQ038,dev,exact_anchor,direct legal anchor,PA2023,0.0,0.0,0,0,0,10,1.0,5,Hybrid + jurisdiction
FAQ039,dev,cross_reference_multi_instrument,cross_reference_multi_instrument,PA2023,0.0,0.0,0,0,1,9,0.0,5,Hybrid + jurisdiction
FAQ040,dev,exact_anchor,direct legal anchor,PA2023,1.0,1.0,0,1,0,9,1.0,5,Hybrid + jurisdiction
FAQ041,dev,exact_anchor,direct legal anchor,PCR2015,0.0,0.0,0,0,0,10,1.0,5,Hybrid + jurisdiction
FAQ042,dev,cross_reference_multi_instrument,cross_reference_multi_instrument,PA2023,0.0,0.0,0,0,0,10,0.5,5,Hybrid + jurisdiction
FAQ044,dev,exact_anchor,direct legal anchor,PA2023,0.0,0.0,0,0,0,10,1.0,5,Hybrid + jurisdiction
FAQ047,dev,exact_anchor,direct legal anchor,PA2023,0.0,0.0,0,0,0,10,1.0,5,Hybrid + jurisdiction
FAQ051,dev,cross_reference_multi_instrument,cross_reference_multi_instrument,PCR2015,0.0,0.0,0,0,0,10,0.0,5,Hybrid + jurisdiction
FAQ052,dev,exact_anchor,direct legal anchor,PCR2015,0.0,0.0,0,0,0,10,1.0,5,Hybrid + jurisdiction
FAQ056,dev,exact_anchor,direct legal anchor,PCR2015,1.0,1.0,0,1,2,7,1.0,5,Hybrid + jurisdiction
FAQ059,dev,exact_anchor,direct legal anchor,PCR2015,1.0,1.0,0,0,4,6,1.0,5,Hybrid + jurisdiction
FAQ063,dev,exact_anchor,direct legal anchor,PCR2015,0.0,0.0,0,0,0,10,0.0,5,Hybrid + jurisdiction
FAQ070,dev,exact_anchor,direct legal anchor,PCR2015,0.0,0.0,0,0,0,10,0.0,5,Hybrid + jurisdiction
FAQ071,dev,exact_anchor,direct legal anchor,PCR2015,0.0,0.0,0,0,0,10,0.0,5,Hybrid + jurisdiction
FAQ075,dev,semantic,semantic / practitioner phrasing,PCR2015,0.0,0.0,0,0,0,10,0.0,5,Hybrid + jurisdiction
FAQ076,dev,exact_anchor,direct legal anchor,PCR2015,1.0,1.0,0,0,2,8,1.0,5,Hybrid + jurisdiction
FAQ079,dev,exact_anchor,direct legal anchor,PCR2015,0.0,0.0,0,0,0,10,1.0,5,Hybrid + jurisdiction
FAQ081,dev,exact_anchor,direct legal anchor,PCR2015,0.0,0.0,0,0,0,10,0.0,5,Hybrid + jurisdiction
FAQ082,dev,semantic,semantic / practitioner phrasing,PCR2015,0.0,0.0,0,0,0,10,1.0,5,Hybrid + jurisdiction
FAQ084,dev,cross_reference_multi_instrument,cross_reference_multi_instrument,PCR2015,0.0,0.0,0,1,0,9,1.0,5,Hybrid + jurisdiction
FAQ087,dev,exact_anchor,direct legal anchor,PCR2015,1.0,1.0,0,0,1,9,1.0,5,Hybrid + jurisdiction
DEV002,dev,exact_anchor,direct legal anchor,PA2023,0.5,0.0,0,4,1,5,0.6666666666666666,6,Hybrid + authority + jurisdiction
DEV003,dev,exact_anchor,direct legal anchor,PA2023,1.0,1.0,0,3,5,2,0.5,6,Hybrid + authority + jurisdiction
DEV006,dev,semantic,semantic / practitioner phrasing,PA2023,0.5,0.0,0,3,5,2,0.5,6,Hybrid + authority + jurisdiction
DEV007,dev,semantic,semantic / practitioner phrasing,PA2023,0.5,0.0,1,2,1,7,0.75,6,Hybrid + authority + jurisdiction
DEV008,dev,semantic,semantic / practitioner phrasing,PA2023,1.0,1.0,0,3,2,5,0.5,6,Hybrid + authority + jurisdiction
DEV009,dev,semantic,semantic / practitioner phrasing,PA2023,0.0,0.0,0,1,0,9,0.3333333333333333,6,Hybrid + authority + jurisdiction
DEV010,dev,semantic,semantic / practitioner phrasing,PA2023,0.0,0.0,0,4,0,6,0.0,6,Hybrid + authority + jurisdiction
DEV011,dev,semantic,semantic / practitioner phrasing,PA2023,1.0,1.0,0,4,0,6,0.75,6,Hybrid + authority + jurisdiction
DEV012,dev,semantic,semantic / practitioner phrasing,PA2023,1.0,1.0,0,6,3,1,0.5,6,Hybrid + authority + jurisdiction
DEV015,dev,vocabulary_mismatch,vocabulary mismatch,PA2023,0.5,0.0,0,9,1,0,0.6666666666666666,6,Hybrid + authority + jurisdiction
DEV016,dev,vocabulary_mismatch,vocabulary mismatch,PA2023,1.0,1.0,0,5,1,4,0.6666666666666666,6,Hybrid + authority + jurisdiction
DEV017,dev,vocabulary_mismatch,vocabulary mismatch,PA2023,1.0,1.0,0,3,1,6,1.0,6,Hybrid + authority + jurisdiction
DEV020,dev,cross_reference_multi_instrument,cross_reference_multi_instrument,PA2023,1.0,1.0,0,1,3,6,0.5,6,Hybrid + authority + jurisdiction
DEV021,dev,cross_reference_multi_instrument,cross_reference_multi_instrument,PA2023,0.5,0.0,0,6,4,0,0.5,6,Hybrid + authority + jurisdiction
DEV023,dev,cross_reference_multi_instrument,cross_reference_multi_instrument,PA2023,0.5,0.0,0,6,0,4,0.5,6,Hybrid + authority + jurisdiction
DEV024,dev,cross_reference_multi_instrument,cross_reference_multi_instrument,PA2023,0.5,0.0,0,3,6,1,1.0,6,Hybrid + authority + jurisdiction
DEV025,dev,applicability,applicability / transition,PCR2015,0.5,0.0,0,5,4,1,0.3333333333333333,6,Hybrid + authority + jurisdiction
DEV026,dev,applicability,applicability / transition,PA2023,0.5,0.0,0,3,2,5,0.3333333333333333,6,Hybrid + authority + jurisdiction
DEV028,dev,applicability,applicability / transition,PA2023,1.0,1.0,0,2,1,7,1.0,6,Hybrid + authority + jurisdiction
DEV029,dev,applicability,applicability / transition,PA2023,0.5,0.0,0,3,2,5,1.0,6,Hybrid + authority + jurisdiction
DEV031,dev,procedural_multi_evidence,procedural_multi_evidence,PA2023,0.25,0.0,0,1,1,8,0.14285714285714285,6,Hybrid + authority + jurisdiction
DEV032,dev,procedural_multi_evidence,procedural_multi_evidence,PA2023,0.0,0.0,0,3,4,3,0.3333333333333333,6,Hybrid + authority + jurisdiction
DEV033,dev,procedural_multi_evidence,procedural_multi_evidence,PA2023,0.5,0.0,0,1,5,4,0.6666666666666666,6,Hybrid + authority + jurisdiction
DEV035,dev,authority,authority / source-role sensitive,PA2023,0.0,0.0,0,3,0,7,1.0,6,Hybrid + authority + jurisdiction
DEV036,dev,authority,authority / source-role sensitive,mixed,1.0,1.0,0,7,2,1,1.0,6,Hybrid + authority + jurisdiction
DEV040,dev,compound,compound / multi-requirement,mixed,0.6666666666666666,0.0,0,2,3,5,0.625,6,Hybrid + authority + jurisdiction
TEST002,dev,exact_anchor,direct legal anchor,mixed,1.0,1.0,0,4,5,1,0.25,6,Hybrid + authority + jurisdiction
TEST003,dev,exact_anchor,direct legal anchor,PA2023,0.0,0.0,0,0,4,6,1.0,6,Hybrid + authority + jurisdiction
TEST004,dev,semantic,semantic / practitioner phrasing,PA2023,0.0,0.0,0,6,4,0,0.5,6,Hybrid + authority + jurisdiction
TEST006,dev,semantic,semantic / practitioner phrasing,PA2023,1.0,1.0,0,2,1,7,0.3333333333333333,6,Hybrid + authority + jurisdiction
TEST009,dev,vocabulary_mismatch,vocabulary mismatch,PA2023,0.0,0.0,0,4,4,2,0.0,6,Hybrid + authority + jurisdiction
TEST010,dev,cross_reference_multi_instrument,cross_reference_multi_instrument,PA2023,1.0,1.0,0,8,2,0,0.6666666666666666,6,Hybrid + authority + jurisdiction
TEST015,dev,applicability,applicability / transition,PA2023,1.0,1.0,0,3,1,6,1.0,6,Hybrid + authority + jurisdiction
TEST018,dev,procedural_multi_evidence,procedural_multi_evidence,PA2023,0.0,0.0,0,3,3,4,0.0,6,Hybrid + authority + jurisdiction
TEST020,dev,compound,compound / multi-requirement,PCR2015,0.5,0.0,0,7,3,0,0.2,6,Hybrid + authority + jurisdiction
FAQ003,dev,semantic,semantic / practitioner phrasing,PA2023,1.0,1.0,0,3,2,5,1.0,6,Hybrid + authority + jurisdiction
FAQ004,dev,semantic,semantic / practitioner phrasing,PA2023,1.0,1.0,0,2,3,5,1.0,6,Hybrid + authority + jurisdiction
FAQ014,dev,semantic,semantic / practitioner phrasing,PA2023,1.0,1.0,0,2,2,6,0.5,6,Hybrid + authority + jurisdiction
FAQ015,dev,exact_anchor,direct legal anchor,PA2023,0.0,0.0,0,2,8,0,1.0,6,Hybrid + authority + jurisdiction
FAQ016,dev,semantic,semantic / practitioner phrasing,PA2023,1.0,1.0,0,3,7,0,1.0,6,Hybrid + authority + jurisdiction
FAQ018,dev,semantic,semantic / practitioner phrasing,PA2023,1.0,1.0,0,4,3,3,1.0,6,Hybrid + authority + jurisdiction
FAQ020,dev,semantic,semantic / practitioner phrasing,PA2023,0.0,0.0,0,1,3,6,1.0,6,Hybrid + authority + jurisdiction
FAQ024,dev,semantic,semantic / practitioner phrasing,PA2023,1.0,1.0,0,9,1,0,1.0,6,Hybrid + authority + jurisdiction
FAQ025,dev,semantic,semantic / practitioner phrasing,PA2023,1.0,1.0,0,4,5,1,1.0,6,Hybrid + authority + jurisdiction
FAQ026,dev,exact_anchor,direct legal anchor,PA2023,0.0,0.0,0,1,2,7,0.0,6,Hybrid + authority + jurisdiction
FAQ028,dev,exact_anchor,direct legal anchor,PA2023,0.0,0.0,0,7,2,1,0.0,6,Hybrid + authority + jurisdiction
FAQ033,dev,exact_anchor,direct legal anchor,PA2023,0.0,0.0,0,3,2,5,0.0,6,Hybrid + authority + jurisdiction
FAQ038,dev,exact_anchor,direct legal anchor,PA2023,1.0,1.0,0,3,2,5,1.0,6,Hybrid + authority + jurisdiction
FAQ039,dev,cross_reference_multi_instrument,cross_reference_multi_instrument,PA2023,0.0,0.0,0,0,10,0,0.0,6,Hybrid + authority + jurisdiction
FAQ040,dev,exact_anchor,direct legal anchor,PA2023,1.0,1.0,0,3,2,5,1.0,6,Hybrid + authority + jurisdiction
FAQ041,dev,exact_anchor,direct legal anchor,PCR2015,1.0,1.0,0,4,3,3,1.0,6,Hybrid + authority + jurisdiction
FAQ042,dev,cross_reference_multi_instrument,cross_reference_multi_instrument,PA2023,1.0,1.0,0,7,3,0,1.0,6,Hybrid + authority + jurisdiction
FAQ044,dev,exact_anchor,direct legal anchor,PA2023,1.0,1.0,0,7,1,2,1.0,6,Hybrid + authority + jurisdiction
FAQ047,dev,exact_anchor,direct legal anchor,PA2023,1.0,1.0,0,9,1,0,1.0,6,Hybrid + authority + jurisdiction
FAQ051,dev,cross_reference_multi_instrument,cross_reference_multi_instrument,PCR2015,0.0,0.0,0,0,1,9,0.0,6,Hybrid + authority + jurisdiction
FAQ052,dev,exact_anchor,direct legal anchor,PCR2015,1.0,1.0,0,3,4,3,1.0,6,Hybrid + authority + jurisdiction
FAQ056,dev,exact_anchor,direct legal anchor,PCR2015,1.0,1.0,0,7,3,0,1.0,6,Hybrid + authority + jurisdiction
FAQ059,dev,exact_anchor,direct legal anchor,PCR2015,1.0,1.0,0,2,8,0,1.0,6,Hybrid + authority + jurisdiction
FAQ063,dev,exact_anchor,direct legal anchor,PCR2015,1.0,1.0,0,2,4,4,1.0,6,Hybrid + authority + jurisdiction
FAQ070,dev,exact_anchor,direct legal anchor,PCR2015,0.0,0.0,0,3,1,6,0.0,6,Hybrid + authority + jurisdiction
FAQ071,dev,exact_anchor,direct legal anchor,PCR2015,0.0,0.0,0,4,0,6,0.0,6,Hybrid + authority + jurisdiction
FAQ075,dev,semantic,semantic / practitioner phrasing,PCR2015,0.0,0.0,0,0,10,0,1.0,6,Hybrid + authority + jurisdiction
FAQ076,dev,exact_anchor,direct legal anchor,PCR2015,1.0,1.0,0,2,5,3,1.0,6,Hybrid + authority + jurisdiction
FAQ079,dev,exact_anchor,direct legal anchor,PCR2015,1.0,1.0,0,0,2,8,1.0,6,Hybrid + authority + jurisdiction
FAQ081,dev,exact_anchor,direct legal anchor,PCR2015,1.0,1.0,0,5,1,4,1.0,6,Hybrid + authority + jurisdiction
FAQ082,dev,semantic,semantic / practitioner phrasing,PCR2015,1.0,1.0,0,0,2,8,1.0,6,Hybrid + authority + jurisdiction
FAQ084,dev,cross_reference_multi_instrument,cross_reference_multi_instrument,PCR2015,1.0,1.0,0,10,0,0,1.0,6,Hybrid + authority + jurisdiction
FAQ087,dev,exact_anchor,direct legal anchor,PCR2015,1.0,1.0,0,1,2,7,1.0,6,Hybrid + authority + jurisdiction
DEV002,dev,exact_anchor,direct legal anchor,PA2023,0.5,0.0,0,3,2,5,0.6666666666666666,7,"Two-lane hybrid, no authority"
DEV003,dev,exact_anchor,direct legal anchor,PA2023,1.0,1.0,0,1,4,5,0.5,7,"Two-lane hybrid, no authority"
DEV006,dev,semantic,semantic / practitioner phrasing,PA2023,0.5,0.0,0,1,4,5,0.5,7,"Two-lane hybrid, no authority"
DEV007,dev,semantic,semantic / practitioner phrasing,PA2023,0.5,0.0,1,2,3,5,0.5,7,"Two-lane hybrid, no authority"
DEV008,dev,semantic,semantic / practitioner phrasing,PA2023,1.0,1.0,0,2,3,5,0.5,7,"Two-lane hybrid, no authority"
DEV009,dev,semantic,semantic / practitioner phrasing,PA2023,0.0,0.0,0,3,2,5,0.6666666666666666,7,"Two-lane hybrid, no authority"
DEV010,dev,semantic,semantic / practitioner phrasing,PA2023,0.0,0.0,0,4,1,5,0.5,7,"Two-lane hybrid, no authority"
DEV011,dev,semantic,semantic / practitioner phrasing,PA2023,1.0,1.0,0,5,0,5,0.75,7,"Two-lane hybrid, no authority"
DEV012,dev,semantic,semantic / practitioner phrasing,PA2023,1.0,1.0,0,2,3,5,1.0,7,"Two-lane hybrid, no authority"
DEV015,dev,vocabulary_mismatch,vocabulary mismatch,PA2023,0.0,0.0,0,4,1,5,0.6666666666666666,7,"Two-lane hybrid, no authority"
DEV016,dev,vocabulary_mismatch,vocabulary mismatch,PA2023,1.0,1.0,0,4,1,5,0.6666666666666666,7,"Two-lane hybrid, no authority"
DEV017,dev,vocabulary_mismatch,vocabulary mismatch,PA2023,1.0,1.0,0,3,2,5,1.0,7,"Two-lane hybrid, no authority"
DEV020,dev,cross_reference_multi_instrument,cross_reference_multi_instrument,PA2023,1.0,1.0,0,2,3,5,0.5,7,"Two-lane hybrid, no authority"
DEV021,dev,cross_reference_multi_instrument,cross_reference_multi_instrument,PA2023,0.5,0.0,0,2,3,5,0.5,7,"Two-lane hybrid, no authority"
DEV023,dev,cross_reference_multi_instrument,cross_reference_multi_instrument,PA2023,0.5,0.0,0,5,0,5,0.5,7,"Two-lane hybrid, no authority"
DEV024,dev,cross_reference_multi_instrument,cross_reference_multi_instrument,PA2023,0.5,0.0,0,1,4,5,1.0,7,"Two-lane hybrid, no authority"
DEV025,dev,applicability,applicability / transition,PCR2015,0.5,0.0,0,2,3,5,1.0,7,"Two-lane hybrid, no authority"
DEV026,dev,applicability,applicability / transition,PA2023,0.5,0.0,0,3,2,5,0.3333333333333333,7,"Two-lane hybrid, no authority"
DEV028,dev,applicability,applicability / transition,PA2023,1.0,1.0,0,3,2,5,1.0,7,"Two-lane hybrid, no authority"
DEV029,dev,applicability,applicability / transition,PA2023,0.5,0.0,0,3,2,5,1.0,7,"Two-lane hybrid, no authority"
DEV031,dev,procedural_multi_evidence,procedural_multi_evidence,PA2023,0.25,0.0,0,1,4,5,0.2857142857142857,7,"Two-lane hybrid, no authority"
DEV032,dev,procedural_multi_evidence,procedural_multi_evidence,PA2023,0.0,0.0,0,2,3,5,0.3333333333333333,7,"Two-lane hybrid, no authority"
DEV033,dev,procedural_multi_evidence,procedural_multi_evidence,PA2023,0.5,0.0,0,1,4,5,0.6666666666666666,7,"Two-lane hybrid, no authority"
DEV035,dev,authority,authority / source-role sensitive,PA2023,0.0,0.0,0,3,2,5,1.0,7,"Two-lane hybrid, no authority"
DEV036,dev,authority,authority / source-role sensitive,mixed,0.0,0.0,0,4,1,5,1.0,7,"Two-lane hybrid, no authority"
DEV040,dev,compound,compound / multi-requirement,mixed,0.6666666666666666,0.0,0,2,3,5,0.75,7,"Two-lane hybrid, no authority"
TEST002,dev,exact_anchor,direct legal anchor,mixed,1.0,1.0,0,2,3,5,0.5,7,"Two-lane hybrid, no authority"
TEST003,dev,exact_anchor,direct legal anchor,PA2023,0.0,0.0,0,0,5,5,1.0,7,"Two-lane hybrid, no authority"
TEST004,dev,semantic,semantic / practitioner phrasing,PA2023,0.0,0.0,0,2,3,5,0.5,7,"Two-lane hybrid, no authority"
TEST006,dev,semantic,semantic / practitioner phrasing,PA2023,1.0,1.0,0,2,3,5,0.6666666666666666,7,"Two-lane hybrid, no authority"
TEST009,dev,vocabulary_mismatch,vocabulary mismatch,PA2023,0.0,0.0,0,1,4,5,0.5,7,"Two-lane hybrid, no authority"
TEST010,dev,cross_reference_multi_instrument,cross_reference_multi_instrument,PA2023,0.0,0.0,0,3,2,5,0.6666666666666666,7,"Two-lane hybrid, no authority"
TEST015,dev,applicability,applicability / transition,PA2023,1.0,1.0,0,3,2,5,1.0,7,"Two-lane hybrid, no authority"
TEST018,dev,procedural_multi_evidence,procedural_multi_evidence,PA2023,0.0,0.0,0,2,3,5,0.25,7,"Two-lane hybrid, no authority"
TEST020,dev,compound,compound / multi-requirement,PCR2015,0.5,0.0,0,2,3,5,0.4,7,"Two-lane hybrid, no authority"
FAQ003,dev,semantic,semantic / practitioner phrasing,PA2023,1.0,1.0,0,3,2,5,1.0,7,"Two-lane hybrid, no authority"
FAQ004,dev,semantic,semantic / practitioner phrasing,PA2023,1.0,1.0,0,2,3,5,1.0,7,"Two-lane hybrid, no authority"
FAQ014,dev,semantic,semantic / practitioner phrasing,PA2023,1.0,1.0,0,1,4,5,1.0,7,"Two-lane hybrid, no authority"
FAQ015,dev,exact_anchor,direct legal anchor,PA2023,0.0,0.0,0,0,5,5,1.0,7,"Two-lane hybrid, no authority"
FAQ016,dev,semantic,semantic / practitioner phrasing,PA2023,1.0,1.0,0,2,3,5,1.0,7,"Two-lane hybrid, no authority"
FAQ018,dev,semantic,semantic / practitioner phrasing,PA2023,1.0,1.0,0,2,3,5,1.0,7,"Two-lane hybrid, no authority"
FAQ020,dev,semantic,semantic / practitioner phrasing,PA2023,0.0,0.0,0,1,4,5,1.0,7,"Two-lane hybrid, no authority"
FAQ024,dev,semantic,semantic / practitioner phrasing,PA2023,1.0,1.0,0,5,0,5,1.0,7,"Two-lane hybrid, no authority"
FAQ025,dev,semantic,semantic / practitioner phrasing,PA2023,1.0,1.0,0,1,4,5,1.0,7,"Two-lane hybrid, no authority"
FAQ026,dev,exact_anchor,direct legal anchor,PA2023,0.0,0.0,0,1,4,5,0.0,7,"Two-lane hybrid, no authority"
FAQ028,dev,exact_anchor,direct legal anchor,PA2023,0.0,0.0,0,3,2,5,0.0,7,"Two-lane hybrid, no authority"
FAQ033,dev,exact_anchor,direct legal anchor,PA2023,0.0,0.0,0,3,2,5,0.0,7,"Two-lane hybrid, no authority"
FAQ038,dev,exact_anchor,direct legal anchor,PA2023,1.0,1.0,0,3,2,5,1.0,7,"Two-lane hybrid, no authority"
FAQ039,dev,cross_reference_multi_instrument,cross_reference_multi_instrument,PA2023,0.0,0.0,0,0,5,5,0.5,7,"Two-lane hybrid, no authority"
FAQ040,dev,exact_anchor,direct legal anchor,PA2023,1.0,1.0,0,3,2,5,1.0,7,"Two-lane hybrid, no authority"
FAQ041,dev,exact_anchor,direct legal anchor,PCR2015,0.0,0.0,0,4,1,5,1.0,7,"Two-lane hybrid, no authority"
FAQ042,dev,cross_reference_multi_instrument,cross_reference_multi_instrument,PA2023,1.0,1.0,0,3,2,5,1.0,7,"Two-lane hybrid, no authority"
FAQ044,dev,exact_anchor,direct legal anchor,PA2023,1.0,1.0,0,5,0,5,1.0,7,"Two-lane hybrid, no authority"
FAQ047,dev,exact_anchor,direct legal anchor,PA2023,1.0,1.0,0,4,1,5,1.0,7,"Two-lane hybrid, no authority"
FAQ051,dev,cross_reference_multi_instrument,cross_reference_multi_instrument,PCR2015,0.0,0.0,0,1,4,5,1.0,7,"Two-lane hybrid, no authority"
FAQ052,dev,exact_anchor,direct legal anchor,PCR2015,1.0,1.0,0,2,3,5,1.0,7,"Two-lane hybrid, no authority"
FAQ056,dev,exact_anchor,direct legal anchor,PCR2015,1.0,1.0,0,2,3,5,1.0,7,"Two-lane hybrid, no authority"
FAQ059,dev,exact_anchor,direct legal anchor,PCR2015,1.0,1.0,0,0,5,5,1.0,7,"Two-lane hybrid, no authority"
FAQ063,dev,exact_anchor,direct legal anchor,PCR2015,1.0,1.0,0,1,4,5,1.0,7,"Two-lane hybrid, no authority"
FAQ070,dev,exact_anchor,direct legal anchor,PCR2015,0.0,0.0,0,4,1,5,1.0,7,"Two-lane hybrid, no authority"
FAQ071,dev,exact_anchor,direct legal anchor,PCR2015,0.0,0.0,0,5,0,5,0.0,7,"Two-lane hybrid, no authority"
FAQ075,dev,semantic,semantic / practitioner phrasing,PCR2015,0.0,0.0,0,0,5,5,1.0,7,"Two-lane hybrid, no authority"
FAQ076,dev,exact_anchor,direct legal anchor,PCR2015,1.0,1.0,0,0,5,5,1.0,7,"Two-lane hybrid, no authority"
FAQ079,dev,exact_anchor,direct legal anchor,PCR2015,1.0,1.0,0,0,5,5,1.0,7,"Two-lane hybrid, no authority"
FAQ081,dev,exact_anchor,direct legal anchor,PCR2015,1.0,1.0,0,4,1,5,1.0,7,"Two-lane hybrid, no authority"
FAQ082,dev,semantic,semantic / practitioner phrasing,PCR2015,1.0,1.0,0,1,4,5,1.0,7,"Two-lane hybrid, no authority"
FAQ084,dev,cross_reference_multi_instrument,cross_reference_multi_instrument,PCR2015,0.0,0.0,0,5,0,5,1.0,7,"Two-lane hybrid, no authority"
FAQ087,dev,exact_anchor,direct legal anchor,PCR2015,1.0,1.0,0,1,4,5,1.0,7,"Two-lane hybrid, no authority"
DEV002,dev,exact_anchor,direct legal anchor,PA2023,0.5,0.0,0,5,0,5,0.6666666666666666,8,"Full source-aware two-lane (PRODUCTION, true scoring, graph ON)"
DEV003,dev,exact_anchor,direct legal anchor,PA2023,1.0,1.0,0,5,0,5,0.5,8,"Full source-aware two-lane (PRODUCTION, true scoring, graph ON)"
DEV006,dev,semantic,semantic / practitioner phrasing,PA2023,0.5,0.0,0,5,0,5,0.5,8,"Full source-aware two-lane (PRODUCTION, true scoring, graph ON)"
DEV007,dev,semantic,semantic / practitioner phrasing,PA2023,0.5,0.0,0,5,0,5,1.0,8,"Full source-aware two-lane (PRODUCTION, true scoring, graph ON)"
DEV008,dev,semantic,semantic / practitioner phrasing,PA2023,1.0,1.0,0,5,0,5,0.5,8,"Full source-aware two-lane (PRODUCTION, true scoring, graph ON)"
DEV009,dev,semantic,semantic / practitioner phrasing,PA2023,1.0,1.0,0,5,0,5,0.6666666666666666,8,"Full source-aware two-lane (PRODUCTION, true scoring, graph ON)"
DEV010,dev,semantic,semantic / practitioner phrasing,PA2023,0.0,0.0,0,5,0,5,0.5,8,"Full source-aware two-lane (PRODUCTION, true scoring, graph ON)"
DEV011,dev,semantic,semantic / practitioner phrasing,PA2023,1.0,1.0,0,5,0,5,0.75,8,"Full source-aware two-lane (PRODUCTION, true scoring, graph ON)"
DEV012,dev,semantic,semantic / practitioner phrasing,PA2023,1.0,1.0,0,5,0,5,1.0,8,"Full source-aware two-lane (PRODUCTION, true scoring, graph ON)"
DEV015,dev,vocabulary_mismatch,vocabulary mismatch,PA2023,0.0,0.0,0,5,0,5,0.6666666666666666,8,"Full source-aware two-lane (PRODUCTION, true scoring, graph ON)"
DEV016,dev,vocabulary_mismatch,vocabulary mismatch,PA2023,1.0,1.0,0,5,0,5,0.6666666666666666,8,"Full source-aware two-lane (PRODUCTION, true scoring, graph ON)"
DEV017,dev,vocabulary_mismatch,vocabulary mismatch,PA2023,1.0,1.0,0,4,1,5,1.0,8,"Full source-aware two-lane (PRODUCTION, true scoring, graph ON)"
DEV020,dev,cross_reference_multi_instrument,cross_reference_multi_instrument,PA2023,1.0,1.0,0,3,2,5,0.5,8,"Full source-aware two-lane (PRODUCTION, true scoring, graph ON)"
DEV021,dev,cross_reference_multi_instrument,cross_reference_multi_instrument,PA2023,0.5,0.0,0,5,0,5,0.5,8,"Full source-aware two-lane (PRODUCTION, true scoring, graph ON)"
DEV023,dev,cross_reference_multi_instrument,cross_reference_multi_instrument,PA2023,0.5,0.0,0,5,0,5,0.5,8,"Full source-aware two-lane (PRODUCTION, true scoring, graph ON)"
DEV024,dev,cross_reference_multi_instrument,cross_reference_multi_instrument,PA2023,0.5,0.0,0,4,1,5,1.0,8,"Full source-aware two-lane (PRODUCTION, true scoring, graph ON)"
DEV025,dev,applicability,applicability / transition,PCR2015,0.0,0.0,0,5,0,5,1.0,8,"Full source-aware two-lane (PRODUCTION, true scoring, graph ON)"
DEV026,dev,applicability,applicability / transition,PA2023,0.5,0.0,0,5,0,5,0.3333333333333333,8,"Full source-aware two-lane (PRODUCTION, true scoring, graph ON)"
DEV028,dev,applicability,applicability / transition,PA2023,1.0,1.0,0,5,0,5,1.0,8,"Full source-aware two-lane (PRODUCTION, true scoring, graph ON)"
DEV029,dev,applicability,applicability / transition,PA2023,0.5,0.0,0,4,1,5,1.0,8,"Full source-aware two-lane (PRODUCTION, true scoring, graph ON)"
DEV031,dev,procedural_multi_evidence,procedural_multi_evidence,PA2023,0.25,0.0,0,3,2,5,0.2857142857142857,8,"Full source-aware two-lane (PRODUCTION, true scoring, graph ON)"
DEV032,dev,procedural_multi_evidence,procedural_multi_evidence,PA2023,0.0,0.0,0,5,0,5,0.3333333333333333,8,"Full source-aware two-lane (PRODUCTION, true scoring, graph ON)"
DEV033,dev,procedural_multi_evidence,procedural_multi_evidence,PA2023,0.5,0.0,0,3,2,5,0.6666666666666666,8,"Full source-aware two-lane (PRODUCTION, true scoring, graph ON)"
DEV035,dev,authority,authority / source-role sensitive,PA2023,0.0,0.0,0,5,0,5,1.0,8,"Full source-aware two-lane (PRODUCTION, true scoring, graph ON)"
DEV036,dev,authority,authority / source-role sensitive,mixed,0.0,0.0,0,5,0,5,1.0,8,"Full source-aware two-lane (PRODUCTION, true scoring, graph ON)"
DEV040,dev,compound,compound / multi-requirement,mixed,0.6666666666666666,0.0,0,4,1,5,0.75,8,"Full source-aware two-lane (PRODUCTION, true scoring, graph ON)"
TEST002,dev,exact_anchor,direct legal anchor,mixed,0.0,0.0,0,5,0,5,0.5,8,"Full source-aware two-lane (PRODUCTION, true scoring, graph ON)"
TEST003,dev,exact_anchor,direct legal anchor,PA2023,1.0,1.0,0,2,3,5,1.0,8,"Full source-aware two-lane (PRODUCTION, true scoring, graph ON)"
TEST004,dev,semantic,semantic / practitioner phrasing,PA2023,0.0,0.0,0,5,0,5,0.5,8,"Full source-aware two-lane (PRODUCTION, true scoring, graph ON)"
TEST006,dev,semantic,semantic / practitioner phrasing,PA2023,1.0,1.0,0,5,0,5,0.6666666666666666,8,"Full source-aware two-lane (PRODUCTION, true scoring, graph ON)"
TEST009,dev,vocabulary_mismatch,vocabulary mismatch,PA2023,0.0,0.0,0,5,0,5,1.0,8,"Full source-aware two-lane (PRODUCTION, true scoring, graph ON)"
TEST010,dev,cross_reference_multi_instrument,cross_reference_multi_instrument,PA2023,0.0,0.0,0,5,0,5,0.6666666666666666,8,"Full source-aware two-lane (PRODUCTION, true scoring, graph ON)"
TEST015,dev,applicability,applicability / transition,PA2023,1.0,1.0,0,5,0,5,1.0,8,"Full source-aware two-lane (PRODUCTION, true scoring, graph ON)"
TEST018,dev,procedural_multi_evidence,procedural_multi_evidence,PA2023,0.0,0.0,0,5,0,5,0.25,8,"Full source-aware two-lane (PRODUCTION, true scoring, graph ON)"
TEST020,dev,compound,compound / multi-requirement,PCR2015,0.0,0.0,0,5,0,5,0.4,8,"Full source-aware two-lane (PRODUCTION, true scoring, graph ON)"
FAQ003,dev,semantic,semantic / practitioner phrasing,PA2023,1.0,1.0,0,5,0,5,1.0,8,"Full source-aware two-lane (PRODUCTION, true scoring, graph ON)"
FAQ004,dev,semantic,semantic / practitioner phrasing,PA2023,1.0,1.0,0,5,0,5,1.0,8,"Full source-aware two-lane (PRODUCTION, true scoring, graph ON)"
FAQ014,dev,semantic,semantic / practitioner phrasing,PA2023,1.0,1.0,0,5,0,5,1.0,8,"Full source-aware two-lane (PRODUCTION, true scoring, graph ON)"
FAQ015,dev,exact_anchor,direct legal anchor,PA2023,0.0,0.0,0,5,0,5,1.0,8,"Full source-aware two-lane (PRODUCTION, true scoring, graph ON)"
FAQ016,dev,semantic,semantic / practitioner phrasing,PA2023,1.0,1.0,0,5,0,5,1.0,8,"Full source-aware two-lane (PRODUCTION, true scoring, graph ON)"
FAQ018,dev,semantic,semantic / practitioner phrasing,PA2023,1.0,1.0,0,5,0,5,1.0,8,"Full source-aware two-lane (PRODUCTION, true scoring, graph ON)"
FAQ020,dev,semantic,semantic / practitioner phrasing,PA2023,0.0,0.0,0,5,0,5,1.0,8,"Full source-aware two-lane (PRODUCTION, true scoring, graph ON)"
FAQ024,dev,semantic,semantic / practitioner phrasing,PA2023,1.0,1.0,0,5,0,5,1.0,8,"Full source-aware two-lane (PRODUCTION, true scoring, graph ON)"
FAQ025,dev,semantic,semantic / practitioner phrasing,PA2023,1.0,1.0,0,5,0,5,1.0,8,"Full source-aware two-lane (PRODUCTION, true scoring, graph ON)"
FAQ026,dev,exact_anchor,direct legal anchor,PA2023,0.0,0.0,0,4,1,5,0.0,8,"Full source-aware two-lane (PRODUCTION, true scoring, graph ON)"
FAQ028,dev,exact_anchor,direct legal anchor,PA2023,0.0,0.0,0,5,0,5,1.0,8,"Full source-aware two-lane (PRODUCTION, true scoring, graph ON)"
FAQ033,dev,exact_anchor,direct legal anchor,PA2023,0.0,0.0,0,5,0,5,0.0,8,"Full source-aware two-lane (PRODUCTION, true scoring, graph ON)"
FAQ038,dev,exact_anchor,direct legal anchor,PA2023,1.0,1.0,0,3,2,5,1.0,8,"Full source-aware two-lane (PRODUCTION, true scoring, graph ON)"
FAQ039,dev,cross_reference_multi_instrument,cross_reference_multi_instrument,PA2023,0.0,0.0,0,2,3,5,0.5,8,"Full source-aware two-lane (PRODUCTION, true scoring, graph ON)"
FAQ040,dev,exact_anchor,direct legal anchor,PA2023,1.0,1.0,0,5,0,5,1.0,8,"Full source-aware two-lane (PRODUCTION, true scoring, graph ON)"
FAQ041,dev,exact_anchor,direct legal anchor,PCR2015,0.0,0.0,0,5,0,5,1.0,8,"Full source-aware two-lane (PRODUCTION, true scoring, graph ON)"
FAQ042,dev,cross_reference_multi_instrument,cross_reference_multi_instrument,PA2023,1.0,1.0,0,5,0,5,1.0,8,"Full source-aware two-lane (PRODUCTION, true scoring, graph ON)"
FAQ044,dev,exact_anchor,direct legal anchor,PA2023,1.0,1.0,0,5,0,5,1.0,8,"Full source-aware two-lane (PRODUCTION, true scoring, graph ON)"
FAQ047,dev,exact_anchor,direct legal anchor,PA2023,1.0,1.0,0,5,0,5,1.0,8,"Full source-aware two-lane (PRODUCTION, true scoring, graph ON)"
FAQ051,dev,cross_reference_multi_instrument,cross_reference_multi_instrument,PCR2015,0.0,0.0,0,5,0,5,1.0,8,"Full source-aware two-lane (PRODUCTION, true scoring, graph ON)"
FAQ052,dev,exact_anchor,direct legal anchor,PCR2015,0.0,0.0,0,5,0,5,1.0,8,"Full source-aware two-lane (PRODUCTION, true scoring, graph ON)"
FAQ056,dev,exact_anchor,direct legal anchor,PCR2015,1.0,1.0,0,3,2,5,1.0,8,"Full source-aware two-lane (PRODUCTION, true scoring, graph ON)"
FAQ059,dev,exact_anchor,direct legal anchor,PCR2015,0.0,0.0,0,4,1,5,1.0,8,"Full source-aware two-lane (PRODUCTION, true scoring, graph ON)"
FAQ063,dev,exact_anchor,direct legal anchor,PCR2015,0.0,0.0,0,5,0,5,1.0,8,"Full source-aware two-lane (PRODUCTION, true scoring, graph ON)"
FAQ070,dev,exact_anchor,direct legal anchor,PCR2015,0.0,0.0,0,4,1,5,1.0,8,"Full source-aware two-lane (PRODUCTION, true scoring, graph ON)"
FAQ071,dev,exact_anchor,direct legal anchor,PCR2015,0.0,0.0,0,5,0,5,0.0,8,"Full source-aware two-lane (PRODUCTION, true scoring, graph ON)"
FAQ075,dev,semantic,semantic / practitioner phrasing,PCR2015,0.0,0.0,0,2,3,5,1.0,8,"Full source-aware two-lane (PRODUCTION, true scoring, graph ON)"
FAQ076,dev,exact_anchor,direct legal anchor,PCR2015,0.0,0.0,0,5,0,5,1.0,8,"Full source-aware two-lane (PRODUCTION, true scoring, graph ON)"
FAQ079,dev,exact_anchor,direct legal anchor,PCR2015,1.0,1.0,0,1,4,5,1.0,8,"Full source-aware two-lane (PRODUCTION, true scoring, graph ON)"
FAQ081,dev,exact_anchor,direct legal anchor,PCR2015,0.0,0.0,0,5,0,5,1.0,8,"Full source-aware two-lane (PRODUCTION, true scoring, graph ON)"
FAQ082,dev,semantic,semantic / practitioner phrasing,PCR2015,1.0,1.0,0,2,3,5,1.0,8,"Full source-aware two-lane (PRODUCTION, true scoring, graph ON)"
FAQ084,dev,cross_reference_multi_instrument,cross_reference_multi_instrument,PCR2015,0.0,0.0,0,5,0,5,1.0,8,"Full source-aware two-lane (PRODUCTION, true scoring, graph ON)"
FAQ087,dev,exact_anchor,direct legal anchor,PCR2015,1.0,1.0,0,3,2,5,1.0,8,"Full source-aware two-lane (PRODUCTION, true scoring, graph ON)"
DEV002,dev,exact_anchor,direct legal anchor,PA2023,1.0,1.0,0,5,0,5,0.6666666666666666,9,"Full config, graph OFF (true scoring)"
DEV003,dev,exact_anchor,direct legal anchor,PA2023,1.0,1.0,0,5,0,5,0.5,9,"Full config, graph OFF (true scoring)"
DEV006,dev,semantic,semantic / practitioner phrasing,PA2023,0.5,0.0,0,5,0,5,0.5,9,"Full config, graph OFF (true scoring)"
DEV007,dev,semantic,semantic / practitioner phrasing,PA2023,0.5,0.0,1,4,1,5,1.0,9,"Full config, graph OFF (true scoring)"
DEV008,dev,semantic,semantic / practitioner phrasing,PA2023,1.0,1.0,0,5,0,5,0.5,9,"Full config, graph OFF (true scoring)"
DEV009,dev,semantic,semantic / practitioner phrasing,PA2023,1.0,1.0,0,5,0,5,0.6666666666666666,9,"Full config, graph OFF (true scoring)"
DEV010,dev,semantic,semantic / practitioner phrasing,PA2023,0.0,0.0,0,5,0,5,0.5,9,"Full config, graph OFF (true scoring)"
DEV011,dev,semantic,semantic / practitioner phrasing,PA2023,1.0,1.0,0,5,0,5,0.75,9,"Full config, graph OFF (true scoring)"
DEV012,dev,semantic,semantic / practitioner phrasing,PA2023,1.0,1.0,0,5,0,5,1.0,9,"Full config, graph OFF (true scoring)"
DEV015,dev,vocabulary_mismatch,vocabulary mismatch,PA2023,0.0,0.0,0,5,0,5,0.6666666666666666,9,"Full config, graph OFF (true scoring)"
DEV016,dev,vocabulary_mismatch,vocabulary mismatch,PA2023,1.0,1.0,0,4,1,5,0.6666666666666666,9,"Full config, graph OFF (true scoring)"
DEV017,dev,vocabulary_mismatch,vocabulary mismatch,PA2023,1.0,1.0,0,4,1,5,1.0,9,"Full config, graph OFF (true scoring)"
DEV020,dev,cross_reference_multi_instrument,cross_reference_multi_instrument,PA2023,1.0,1.0,0,3,2,5,0.5,9,"Full config, graph OFF (true scoring)"
DEV021,dev,cross_reference_multi_instrument,cross_reference_multi_instrument,PA2023,0.5,0.0,0,5,0,5,0.5,9,"Full config, graph OFF (true scoring)"
DEV023,dev,cross_reference_multi_instrument,cross_reference_multi_instrument,PA2023,0.5,0.0,0,5,0,5,0.5,9,"Full config, graph OFF (true scoring)"
DEV024,dev,cross_reference_multi_instrument,cross_reference_multi_instrument,PA2023,0.5,0.0,0,4,1,5,1.0,9,"Full config, graph OFF (true scoring)"
DEV025,dev,applicability,applicability / transition,PCR2015,0.0,0.0,0,5,0,5,1.0,9,"Full config, graph OFF (true scoring)"
DEV026,dev,applicability,applicability / transition,PA2023,0.5,0.0,0,5,0,5,0.3333333333333333,9,"Full config, graph OFF (true scoring)"
DEV028,dev,applicability,applicability / transition,PA2023,1.0,1.0,0,5,0,5,1.0,9,"Full config, graph OFF (true scoring)"
DEV029,dev,applicability,applicability / transition,PA2023,0.5,0.0,0,4,1,5,1.0,9,"Full config, graph OFF (true scoring)"
DEV031,dev,procedural_multi_evidence,procedural_multi_evidence,PA2023,0.25,0.0,0,4,1,5,0.42857142857142855,9,"Full config, graph OFF (true scoring)"
DEV032,dev,procedural_multi_evidence,procedural_multi_evidence,PA2023,0.0,0.0,0,5,0,5,0.3333333333333333,9,"Full config, graph OFF (true scoring)"
DEV033,dev,procedural_multi_evidence,procedural_multi_evidence,PA2023,0.5,0.0,0,2,3,5,0.6666666666666666,9,"Full config, graph OFF (true scoring)"
DEV035,dev,authority,authority / source-role sensitive,PA2023,0.0,0.0,0,4,1,5,1.0,9,"Full config, graph OFF (true scoring)"
DEV036,dev,authority,authority / source-role sensitive,mixed,0.0,0.0,0,5,0,5,1.0,9,"Full config, graph OFF (true scoring)"
DEV040,dev,compound,compound / multi-requirement,mixed,0.6666666666666666,0.0,0,3,2,5,0.75,9,"Full config, graph OFF (true scoring)"
TEST002,dev,exact_anchor,direct legal anchor,mixed,0.0,0.0,0,5,0,5,0.5,9,"Full config, graph OFF (true scoring)"
TEST003,dev,exact_anchor,direct legal anchor,PA2023,1.0,1.0,0,2,3,5,1.0,9,"Full config, graph OFF (true scoring)"
TEST004,dev,semantic,semantic / practitioner phrasing,PA2023,0.0,0.0,0,5,0,5,0.5,9,"Full config, graph OFF (true scoring)"
TEST006,dev,semantic,semantic / practitioner phrasing,PA2023,1.0,1.0,0,5,0,5,0.6666666666666666,9,"Full config, graph OFF (true scoring)"
TEST009,dev,vocabulary_mismatch,vocabulary mismatch,PA2023,0.0,0.0,0,5,0,5,1.0,9,"Full config, graph OFF (true scoring)"
TEST010,dev,cross_reference_multi_instrument,cross_reference_multi_instrument,PA2023,0.0,0.0,0,5,0,5,0.6666666666666666,9,"Full config, graph OFF (true scoring)"
TEST015,dev,applicability,applicability / transition,PA2023,1.0,1.0,0,5,0,5,1.0,9,"Full config, graph OFF (true scoring)"
TEST018,dev,procedural_multi_evidence,procedural_multi_evidence,PA2023,0.0,0.0,0,4,1,5,0.25,9,"Full config, graph OFF (true scoring)"
TEST020,dev,compound,compound / multi-requirement,PCR2015,0.0,0.0,0,5,0,5,0.4,9,"Full config, graph OFF (true scoring)"
FAQ003,dev,semantic,semantic / practitioner phrasing,PA2023,1.0,1.0,0,5,0,5,1.0,9,"Full config, graph OFF (true scoring)"
FAQ004,dev,semantic,semantic / practitioner phrasing,PA2023,1.0,1.0,0,5,0,5,1.0,9,"Full config, graph OFF (true scoring)"
FAQ014,dev,semantic,semantic / practitioner phrasing,PA2023,1.0,1.0,0,5,0,5,1.0,9,"Full config, graph OFF (true scoring)"
FAQ015,dev,exact_anchor,direct legal anchor,PA2023,0.0,0.0,0,5,0,5,1.0,9,"Full config, graph OFF (true scoring)"
FAQ016,dev,semantic,semantic / practitioner phrasing,PA2023,1.0,1.0,0,5,0,5,1.0,9,"Full config, graph OFF (true scoring)"
FAQ018,dev,semantic,semantic / practitioner phrasing,PA2023,1.0,1.0,0,5,0,5,1.0,9,"Full config, graph OFF (true scoring)"
FAQ020,dev,semantic,semantic / practitioner phrasing,PA2023,0.0,0.0,0,3,2,5,1.0,9,"Full config, graph OFF (true scoring)"
FAQ024,dev,semantic,semantic / practitioner phrasing,PA2023,1.0,1.0,0,5,0,5,1.0,9,"Full config, graph OFF (true scoring)"
FAQ025,dev,semantic,semantic / practitioner phrasing,PA2023,1.0,1.0,0,4,1,5,1.0,9,"Full config, graph OFF (true scoring)"
FAQ026,dev,exact_anchor,direct legal anchor,PA2023,0.0,0.0,0,4,1,5,0.0,9,"Full config, graph OFF (true scoring)"
FAQ028,dev,exact_anchor,direct legal anchor,PA2023,0.0,0.0,0,5,0,5,1.0,9,"Full config, graph OFF (true scoring)"
FAQ033,dev,exact_anchor,direct legal anchor,PA2023,0.0,0.0,0,5,0,5,0.0,9,"Full config, graph OFF (true scoring)"
FAQ038,dev,exact_anchor,direct legal anchor,PA2023,1.0,1.0,0,3,2,5,1.0,9,"Full config, graph OFF (true scoring)"
FAQ039,dev,cross_reference_multi_instrument,cross_reference_multi_instrument,PA2023,0.0,0.0,0,2,3,5,0.5,9,"Full config, graph OFF (true scoring)"
FAQ040,dev,exact_anchor,direct legal anchor,PA2023,1.0,1.0,0,5,0,5,1.0,9,"Full config, graph OFF (true scoring)"
FAQ041,dev,exact_anchor,direct legal anchor,PCR2015,0.0,0.0,0,5,0,5,1.0,9,"Full config, graph OFF (true scoring)"
FAQ042,dev,cross_reference_multi_instrument,cross_reference_multi_instrument,PA2023,1.0,1.0,0,5,0,5,1.0,9,"Full config, graph OFF (true scoring)"
FAQ044,dev,exact_anchor,direct legal anchor,PA2023,1.0,1.0,0,5,0,5,1.0,9,"Full config, graph OFF (true scoring)"
FAQ047,dev,exact_anchor,direct legal anchor,PA2023,1.0,1.0,0,5,0,5,1.0,9,"Full config, graph OFF (true scoring)"
FAQ051,dev,cross_reference_multi_instrument,cross_reference_multi_instrument,PCR2015,0.0,0.0,0,4,1,5,1.0,9,"Full config, graph OFF (true scoring)"
FAQ052,dev,exact_anchor,direct legal anchor,PCR2015,1.0,1.0,0,4,1,5,1.0,9,"Full config, graph OFF (true scoring)"
FAQ056,dev,exact_anchor,direct legal anchor,PCR2015,1.0,1.0,0,3,2,5,1.0,9,"Full config, graph OFF (true scoring)"
FAQ059,dev,exact_anchor,direct legal anchor,PCR2015,0.0,0.0,0,4,1,5,1.0,9,"Full config, graph OFF (true scoring)"
FAQ063,dev,exact_anchor,direct legal anchor,PCR2015,0.0,0.0,0,5,0,5,1.0,9,"Full config, graph OFF (true scoring)"
FAQ070,dev,exact_anchor,direct legal anchor,PCR2015,0.0,0.0,0,4,1,5,1.0,9,"Full config, graph OFF (true scoring)"
FAQ071,dev,exact_anchor,direct legal anchor,PCR2015,0.0,0.0,0,5,0,5,0.0,9,"Full config, graph OFF (true scoring)"
FAQ075,dev,semantic,semantic / practitioner phrasing,PCR2015,0.0,0.0,0,2,3,5,1.0,9,"Full config, graph OFF (true scoring)"
FAQ076,dev,exact_anchor,direct legal anchor,PCR2015,0.0,0.0,0,5,0,5,1.0,9,"Full config, graph OFF (true scoring)"
FAQ079,dev,exact_anchor,direct legal anchor,PCR2015,1.0,1.0,0,1,4,5,1.0,9,"Full config, graph OFF (true scoring)"
FAQ081,dev,exact_anchor,direct legal anchor,PCR2015,0.0,0.0,0,5,0,5,1.0,9,"Full config, graph OFF (true scoring)"
FAQ082,dev,semantic,semantic / practitioner phrasing,PCR2015,1.0,1.0,0,2,3,5,1.0,9,"Full config, graph OFF (true scoring)"
FAQ084,dev,cross_reference_multi_instrument,cross_reference_multi_instrument,PCR2015,0.0,0.0,0,5,0,5,1.0,9,"Full config, graph OFF (true scoring)"
FAQ087,dev,exact_anchor,direct legal anchor,PCR2015,1.0,1.0,0,3,2,5,1.0,9,"Full config, graph OFF (true scoring)"
