config_id,config_name,mode,alpha,beta,jurisdiction,n_scenarios,requirement_recall_mean,complete_coverage_mean,wrong_regime_rate_mean,mean_primary_in_10,mean_secondary_in_10,mean_guidance_in_10,candidate_recall_75_mean
1,BM25 only,pooled,0.0,1.0,False,68,0.13970588235294118,0.11764705882352941,0.0,0.3382352941176471,0.25,9.411764705882353,0.3393382352941176
2,Dense only,pooled,0.0,0.0,False,68,0.17647058823529413,0.14705882352941177,0.0,0.5441176470588235,0.3382352941176471,9.117647058823529,0.4725665266106442
3,BM25+Dense hybrid,pooled,0.0,0.4,False,68,0.13970588235294118,0.11764705882352941,0.0,0.20588235294117646,0.2647058823529412,9.529411764705882,0.45637254901960783
4,Hybrid + authority,pooled,0.3,0.4,False,68,0.6311274509803921,0.5294117647058824,0.0014705882352941176,4.602941176470588,2.5294117647058822,2.8676470588235294,0.6612920168067227
5,Hybrid + jurisdiction,pooled,0.0,0.4,True,68,0.13970588235294118,0.11764705882352941,0.0,0.17647058823529413,0.2647058823529412,9.558823529411764,0.45637254901960783
6,Hybrid + authority + jurisdiction,pooled,0.3,0.4,True,68,0.6311274509803921,0.5294117647058824,0.0014705882352941176,3.573529411764706,2.7794117647058822,3.6470588235294117,0.664968487394958
7,"Two-lane hybrid, no authority",two_lane,0.0,0.4,True,68,0.5649509803921569,0.47058823529411764,0.0014705882352941176,2.3088235294117645,2.6911764705882355,5.0,0.7613095238095238
8,"Full source-aware two-lane (PRODUCTION, true scoring, graph ON)",two_lane_true,0.3,0.4,True,68,0.49142156862745096,0.4117647058823529,0.0,4.485294117647059,0.5147058823529411,5.0,0.7907212885154061
9,"Full config, graph OFF (true scoring)",two_lane_graph_off,0.3,0.4,True,68,0.5134803921568627,0.4411764705882353,0.0014705882352941176,4.338235294117647,0.6617647058823529,5.0,0.7928221288515407
